0,1,2,3
-0.63978,0.473506,-0.00551007,1
-0.622218,0.38787,-0.0727837,1
-0.643939,0.343934,0.0474594,1
-0.682106,0.446531,-0.0614526,1
-0.587615,0.452784,-0.0333145,1
-0.720086,0.364469,-0.0510999,1
-0.630505,0.350322,-0.00120213,1
-0.587073,0.461969,0.0677477,1
-0.592064,0.351999,0.0449945,1
-0.698466,0.403431,0.118434,1
-0.592606,0.365312,0.101733,1
-0.598752,0.348084,0.115461,1
-0.625127,0.479151,0.0166212,1
-0.697618,0.393595,-0.0784037,1
-0.586133,0.416096,0.0293251,1
-0.598752,0.325262,0.0488549,1
-0.750889,0.391237,-0.109151,1
-0.586627,0.449694,0.00868035,1
-0.683894,0.318563,-0.0973496,1
-0.623082,0.411954,0.12275,1
-0.635233,0.301974,0.10369,1
-0.676475,0.351022,-0.0125711,1
-0.709844,0.449846,0.0633942,1
-0.70767,0.304219,-0.0482709,1
-0.644728,0.285523,-0.0162268,1
-0.639607,0.41091,-0.0301214,1
-0.67552,0.316587,-0.0505766,1
-0.688031,0.34494,-0.0153319,1
-0.624396,0.421836,0.102348,1
-0.704659,0.407861,-0.0121464,1
-0.610849,0.283137,-0.0862991,1
-0.589675,0.314051,-0.0955521,1
-0.741796,0.290934,0.00318924,1
-0.630708,0.345303,0.0985176,1
-0.71146,0.327442,0.049219,1
-0.716092,0.260593,-0.0844864,1
-0.695991,0.347167,-0.00473646,1
-0.606716,0.329425,0.032283,1
-0.703457,0.343952,-0.0618773,1
-0.740744,0.360532,-0.0454647,1
-0.720954,0.309056,0.0726699,1
-0.60115,0.279723,-0.0226963,1
-0.676282,0.395196,-0.0732236,1
-0.744834,0.346234,0.0687033,1
-0.650578,0.261922,0.000542285,1
-0.737201,0.322903,-0.122712,1
-0.6704,0.308719,-0.030038,1
-0.705652,0.245878,-0.00530529,1
-0.711229,0.331964,-0.077888,1
-0.730063,0.366887,0.0949832,1
-0.627418,0.329823,-0.0455178,1
-0.602455,0.361139,-0.0442664,1
-0.689212,0.392326,-0.112731,1
-0.682358,0.253527,0.0881194,1
-0.655956,0.262422,0.108135,1
-0.707032,0.301218,-0.0202162,1
-0.644422,0.243506,-0.0278613,1
-0.647583,0.278235,-0.0462686,1
-0.615658,0.283176,0.0145734,1
-0.609319,0.382932,0.02033,1
-0.729859,0.281554,-0.0352182,1
-0.631057,0.316111,0.0121919,1
-0.588564,0.343805,-0.111874,1
-0.667394,0.351725,-0.0620214,1
-0.683152,0.215632,0.115719,1
-0.625808,0.300202,0.0714564,1
-0.74559,0.352523,-0.0270801,1
-0.639865,0.24138,-0.0997766,1
-0.627928,0.242436,0.0176906,1
-0.670947,0.339845,0.020148,1
-0.627375,0.316405,0.0585402,1
-0.673915,0.28668,0.0246379,1
-0.61832,0.337046,-0.0750287,1
-0.607011,0.312975,-0.073891,1
-0.601274,0.26255,0.0245848,1
-0.715158,0.270765,0.0867769,1
-0.597425,0.248682,-0.0854345,1
-0.647964,0.361712,0.061847,1
-0.622249,0.300356,0.00463028,1
-0.599535,0.308699,0.1219,1
-0.698331,0.245814,0.0345659,1
-0.586648,0.232814,0.0434093,1
-0.675219,0.293415,-0.0827951,1
-0.66383,0.334157,0.0235989,1
-0.601537,0.211931,-0.0978881,1
-0.58917,0.270083,0.00461511,1
-0.697751,0.253932,0.014088,1
-0.639162,0.382754,-0.022082,1
-0.724325,0.275876,-0.0202921,1
-0.592407,0.267249,0.0265871,1
-0.700312,0.322007,0.0344294,1
-0.610221,0.308235,0.100156,1
-0.647395,0.297497,0.0876946,1
-0.633741,0.332076,0.0143535,1
-0.674634,0.301484,-0.0645395,1
-0.650503,0.279052,-0.11402,1
-0.752954,0.199385,-0.0554078,1
-0.611042,0.225654,-0.0160372,1
-0.688595,0.268496,0.114407,1
-0.706774,0.228311,0.0843575,1
-0.750709,0.166092,0.104464,1
-0.644796,0.262767,-0.0148692,1
-0.612308,0.16076,-0.0549604,1
-0.582766,0.218933,-0.0848353,1
-0.58977,0.246455,-0.0404817,1
-0.635784,0.284228,-0.113246,1
-0.628646,0.176289,0.0769703,1
-0.635301,0.253443,-0.0410506,1
-0.588708,0.271512,-0.0470195,1
-0.751724,0.317462,0.00571485,1
-0.727174,0.11433,-0.0569626,1
-0.600103,0.178468,-0.0707738,1
-0.725022,0.242975,0.0261624,1
-0.672326,0.274998,0.0879601,1
-0.614176,0.164777,-0.0230224,1
-0.649611,0.164053,-0.06931,1
-0.725478,0.222328,0.0313577,1
-0.661784,0.11739,0.123121,1
-0.668515,0.248457,0.0642437,1
-0.705474,0.192213,-0.103212,1
-0.642287,0.106517,-0.071775,1
-0.678726,0.212301,0.0200494,1
-0.675742,0.149804,0.0781459,1
-0.61756,0.218641,0.10953,1
-0.743735,0.144172,0.10523,1
-0.637892,0.0918982,-0.0995263,1
-0.600369,0.093254,0.0663825,1
-0.730489,0.103457,-0.00428139,1
-0.684673,0.0850285,-0.0297574,1
-0.644359,0.0900656,0.0419,1
-0.693464,0.0944776,0.053087,1
-0.605955,0.0934219,0.106223,1
-0.709292,0.11476,-0.048635,1
-0.719613,0.0825118,0.00567692,1
-0.65162,0.137866,0.0815589,1
-0.595172,0.059116,0.0146113,1
-0.570369,0.0537091,-0.0893253,1
-0.582891,0.0213269,-0.0266326,1
-0.714831,0.176577,0.0434017,1
-0.694467,0.0323496,0.0395034,1
-0.722541,0.143861,-0.0646608,1
-0.680311,0.039303,0.114976,1
-0.714485,0.0621629,-0.00316649,1
-0.707228,0.102604,0.0396247,1
-0.621694,0.0596551,0.0656923,1
-0.699526,0.100048,0.0335799,1
-0.642321,0.08528,0.100543,1
-0.566025,0.0838171,-0.0294009,1
-0.70886,0.0179702,0.0319569,1
-0.586018,0.0223375,0.0900837,1
-0.718632,-0.0915585,-0.0505993,1
-0.693459,-0.00396623,-0.0585629,1
-0.695643,-0.0638543,0.110251,1
-0.589886,-0.0857229,-0.0420214,1
-0.717767,0.0219428,-0.00449376,1
-0.652447,-0.00117438,0.0018013,1
-0.693937,-0.0821648,0.0223474,1
-0.619025,0.0650101,-0.0446835,1
-0.614581,-0.0593745,-0.0520859,1
-0.621537,-0.064283,-0.101043,1
-0.564636,-0.119551,0.0498409,1
-0.691396,-0.0444556,0.0220516,1
-0.640787,0.0191086,-0.10548,1
-0.562054,-0.0833325,0.0448883,1
-0.671247,-0.0919116,0.122067,1
-0.680511,-0.0698341,-0.0824538,1
-0.711673,-0.117081,0.111328,1
-0.60868,-0.131935,-0.0282633,1
-0.66603,-0.0582112,-0.116356,1
-0.684987,-0.113689,-0.00474404,1
-0.681396,-0.122966,-0.0875278,1
-0.611733,-0.0768279,0.00510809,1
-0.568966,-0.184461,0.0520404,1
-0.631238,-0.0756918,-0.0682634,1
-0.615249,-0.153869,0.0339895,1
-0.579486,-0.110598,-0.0364848,1
-0.542468,-0.177243,-0.0527685,1
-0.611003,-0.0148606,0.00167236,1
-0.643873,-0.151088,0.0352485,1
-0.561661,-0.158134,-0.116402,1
-0.491037,-0.133686,0.0316763,1
-0.641521,-0.196146,0.0548087,1
-0.607444,-0.113789,0.010804,1
-0.499749,-0.0963308,0.0741641,1
-0.60001,-0.0791832,-0.0534207,1
-0.653163,-0.151777,0.0564393,1
-0.662314,-0.162783,-0.0860792,1
-0.588465,-0.170108,0.046792,1
-0.646615,-0.102295,-0.0336482,1
-0.53703,-0.0893807,0.0966442,1
-0.50301,-0.25723,-0.102499,1
-0.514592,-0.265616,0.103114,1
-0.608644,-0.22922,-0.0856544,1
-0.577943,-0.185462,0.0176679,1
-0.588157,-0.267894,0.0219455,1
-0.553538,-0.155711,-0.076902,1
-0.575732,-0.28031,0.0599357,1
-0.562356,-0.263419,0.0593517,1
-0.508425,-0.200932,0.0794883,1
-0.594684,-0.145476,-0.061847,1
-0.53237,-0.299113,0.105973,1
-0.547082,-0.310682,-0.0460714,1
-0.572915,-0.292355,-0.0495679,1
-0.52155,-0.220571,0.0974254,1
-0.521807,-0.209998,0.118745,1
-0.433123,-0.245612,0.122249,1
-0.577214,-0.197829,0.0758554,1
-0.580215,-0.200256,0.0869665,1
-0.4284,-0.302815,0.084221,1
-0.570596,-0.177107,-0.0669134,1
-0.467403,-0.241195,0.0546267,1
-0.50214,-0.265834,0.099185,1
-0.390306,-0.267227,0.0321086,1
-0.382143,-0.346262,-0.0760678,1
-0.386871,-0.305429,-0.00250664,1
-0.461923,-0.330229,0.0146038,1
-0.410085,-0.284434,-0.0255556,1
-0.474165,-0.346567,-0.0218696,1
-0.398594,-0.341482,-0.0100607,1
-0.368971,-0.343556,0.0852145,1
-0.315433,-0.342691,-0.061665,1
-0.307082,-0.303862,0.123819,1
-0.438984,-0.361082,-0.11107,1
-0.345158,-0.307431,0.00307547,1
-0.322432,-0.206035,-0.0858971,1
-0.381543,-0.207873,-0.058563,1
-0.313099,-0.341566,0.102128,1
-0.383212,-0.257376,-0.0441753,1
-0.364544,-0.254124,0.076227,1
-0.353192,-0.220948,0.0299925,1
-0.376079,-0.3351,-0.0639479,1
-0.23596,-0.315032,0.0713351,1
-0.297459,-0.350335,-0.0666024,1
-0.241112,-0.214606,0.0431287,1
-0.32517,-0.363785,-0.0444105,1
-0.29017,-0.354552,-0.119496,1
-0.297029,-0.382127,0.0734511,1
-0.330468,-0.35184,-0.0082632,1
-0.219557,-0.316982,0.0486501,1
-0.252899,-0.318611,-0.0679524,1
-0.200171,-0.279048,0.0183201,1
-0.276623,-0.34108,0.0851387,1
-0.264638,-0.247239,-0.0357339,1
-0.308908,-0.270228,-0.00351537,1
-0.24136,-0.388863,-0.0913882,1
-0.235697,-0.235273,0.106951,1
-0.173791,-0.281636,0.0604287,1
-0.251552,-0.347874,-0.0147479,1
-0.261385,-0.26279,0.107793,1
-0.261444,-0.25255,0.0750287,1
-0.274491,-0.238199,-0.0878387,1
-0.236603,-0.237631,0.0257756,1
-0.264733,-0.237352,0.0617105,1
-0.205875,-0.336139,-0.0337316,1
-0.157725,-0.317652,0.0493858,1
-0.198699,-0.263637,0.117926,1
-0.24554,-0.300767,0.0247289,1
-0.240736,-0.34662,0.022537,1
-0.162174,-0.313681,0.0794959,1
-0.175609,-0.317962,0.053216,1
-0.0863708,-0.325735,0.10749,1
-0.0984903,-0.376862,-0.0688019,1
-0.118049,-0.263012,0.0329277,1
-0.239914,-0.238218,0.0374859,1
-0.183997,-0.255821,0.0866177,1
-0.10404,-0.343311,-0.0967732,1
-0.114227,-0.225261,0.00390976,1
-0.216507,-0.339635,-0.0195412,1
-0.130555,-0.329138,-0.0235306,1
-0.246811,-0.272315,-0.0304021,1
-0.148736,-0.2183,0.0319796,1
-0.188749,-0.258667,-0.103523,1
-0.0739313,-0.27747,-0.0894466,1
-0.15705,-0.215273,0.037539,1
-0.16239,-0.313748,0.0959389,1
-0.158794,-0.246181,-0.107596,1
-0.0926793,-0.344791,-0.0925942,1
-0.0908115,-0.240207,0.0250702,1
-0.0902909,-0.37242,0.00691318,1
-0.0455489,-0.248437,-0.0341033,1
-0.117743,-0.362832,-0.114126,1
-0.0463733,-0.201103,-0.102765,1
-0.163955,-0.364333,-0.104608,1
-0.152442,-0.229595,0.0936181,1
-0.0958386,-0.243919,0.0851539,1
-0.113191,-0.204817,-0.0679524,1
-0.133383,-0.327122,-0.086155,1
-0.080692,-0.291514,0.102719,1
-0.0848088,-0.2591,0.0956052,1
-0.0714227,-0.227334,0.0610431,1
-0.0577749,-0.325902,-0.0724121,1
-0.0872629,-0.258555,0.0690977,1
-0.181094,-0.313154,-0.0359614,1
-0.185442,-0.347466,0.119086,1
-0.039059,-0.285723,-0.118685,1
-0.0290114,-0.339181,0.00572243,1
-0.0666793,-0.342085,-0.0824841,1
-0.119327,-0.251637,0.112397,1
-0.165932,-0.289298,-0.0480358,1
-0.138129,-0.259402,0.0972434,1
-0.0601338,-0.171191,0.0104323,1
-0.121874,-0.316448,0.11826,1
-0.0249778,-0.228711,0.010311,1
-0.0932019,-0.263274,0.0110163,1
-0.14848,-0.305002,0.0442891,1
-0.0772932,-0.292875,-0.0650097,1
-0.141867,-0.307922,0.0649642,1
-0.0115863,-0.304,0.0475352,1
-0.100754,-0.263783,-0.100004,1
-0.0705088,-0.170178,0.099458,1
-0.165514,-0.237393,0.0461473,1
-0.076288,-0.256325,-0.0578424,1
-0.139896,-0.214206,-0.0356732,1
-0.0517433,-0.315002,-0.0673684,1
-0.14053,-0.183116,-0.0649794,1
-0.117756,-0.224693,0.0848277,1
-0.00167693,-0.22158,-0.120323,1
-0.0112683,-0.32326,-0.0377665,1
-0.143331,-0.320977,-0.0837432,1
-0.0637876,-0.285112,-0.00886237,1
-0.101882,-0.313979,0.0984797,1
-0.0750127,-0.209791,-0.0750287,1
-0.0521908,-0.206233,-0.102401,1
-0.157283,-0.174976,0.0495299,1
-0.00643972,-0.188833,0.0755823,1
-0.0455031,-0.282132,-0.0385174,1
-0.130999,-0.223246,-0.10862,1
-0.0924135,-0.303101,-0.0975543,1
-0.0109966,-0.2106,-0.105632,1
-0.103975,-0.157635,-0.0501139,1
-0.091169,-0.245409,-0.0660412,1
-0.173477,-0.226187,-0.0012173,1
-0.170611,-0.204303,-0.0167577,1
-0.156827,-0.2068,-0.115332,1
-0.00716498,-0.230817,0.121506,1
-0.0549395,-0.136473,-0.0605273,1
-0.15357,-0.147314,0.0796097,1
-0.143822,-0.2148,-0.00984076,1
-0.168555,-0.282507,0.0128442,1
-0.091652,-0.174359,-0.0794049,1
-0.198246,-0.233567,-0.119822,1
-0.20042,-0.171841,0.0114866,1
-0.195084,-0.168368,0.0436748,1
-0.139259,-0.267873,-0.0945206,1
-0.13906,-0.228358,-0.121498,1
-0.145319,-0.253212,0.115749,1
-0.153617,-0.137111,0.0555444,1
-0.202057,-0.103363,0.111957,1
-0.0904432,-0.12275,-0.0643423,1
-0.187812,-0.259739,-0.120528,1
-0.274345,-0.232026,-0.101612,1
-0.238776,-0.145307,-0.0530643,1
-0.192424,-0.112158,-0.121142,1
-0.169366,-0.138941,0.047376,1
-0.194276,-0.189328,0.0213235,1
-0.174014,-0.180079,-0.015749,1
-0.259682,-0.158832,3.41298e-05,1
-0.224327,-0.240096,0.0746571,1
-0.230403,-0.0740637,-0.118897,1
-0.208816,-0.086919,-0.0916006,1
-0.189328,-0.218611,0.110744,1
-0.328127,-0.140718,-0.118753,1
-0.170618,-0.113652,0.113231,1
-0.247934,-0.205483,0.017994,1
-0.234521,-0.0908402,0.0736407,1
-0.279,-0.201067,0.088491,1
-0.249067,-0.128485,-0.0887792,1
-0.217985,-0.0602102,-0.0272242,1
-0.322068,-0.208559,0.047467,1
-0.345126,-0.136158,-0.0133751,1
-0.296908,-0.229841,0.11019,1
-0.289109,-0.191473,-0.0918964,1
-0.381781,-0.200213,-0.0359083,1
-0.34479,-0.102075,-0.0545584,1
-0.349942,-0.194549,0.0184263,1
-0.37781,-0.185707,0.101673,1
-0.239891,-0.15444,0.0316611,1
-0.326917,-0.225083,0.0762953,1
-0.316268,-0.204141,0.0620897,1
-0.30322,-0.208616,0.106974,1
-0.435066,-0.138452,0.120217,1
-0.40613,-0.111937,-0.114968,1
-0.298424,-0.0943555,0.103895,1
-0.266215,-0.23091,0.0154456,1
-0.301854,-0.0963864,-0.0983507,1
-0.404552,-0.200264,-0.0648504,1
-0.333618,-0.153751,0.111161,1
-0.358592,-0.167822,0.0552258,1
-0.273176,-0.220632,-0.085298,1
-0.380818,-0.0994516,0.0866101,1
-0.406571,-0.105849,0.0703643,1
-0.362199,-0.185655,-0.0383657,1
-0.41949,-0.24168,0.0369474,1
-0.350144,-0.133334,0.0672167,1
-0.442371,-0.212931,-0.0633259,1
-0.412496,-0.159805,0.0587146,1
-0.443879,-0.164098,0.0856544,1
-0.346033,-0.113951,-0.0602088,1
-0.384226,-0.250457,0.0726168,1
-0.442467,-0.120044,0.0349072,1
-0.426922,-0.156004,0.101119,1
-0.468116,-0.248891,0.0244407,1
-0.349063,-0.123563,0.059693,1
-0.366201,-0.105681,0.101733,1
-0.376222,-0.245868,-0.10686,1
-0.3984,-0.156835,0.0914186,1
-0.343685,-0.100928,-0.105799,1
-0.450425,-0.112685,0.0367578,1
-0.460392,-0.250284,-0.0447442,1
-0.48425,-0.22983,-0.115287,1
-0.384372,-0.179569,0.0374101,1
-0.506092,-0.223633,0.069841,1
-0.513665,-0.163483,-0.0742551,1
-0.400812,-0.147755,0.0617332,1
-0.460593,-0.126203,-0.0642513,1
-0.516043,-0.212434,0.123539,1
-0.52499,-0.130457,0.00847557,1
-0.534828,-0.247233,-0.0912897,1
-0.525962,-0.109655,0.00861967,1
-0.539219,-0.12534,-0.108931,1
-0.424909,-0.110271,0.119185,1
-0.466543,-0.20664,-0.1203,1
-0.550027,-0.191647,0.0868603,1
-0.50616,-0.0905883,0.00603339,1
-0.397106,-0.085921,0.0111832,1
-0.480031,-0.157614,0.115158,1
-0.505821,-0.19185,0.122909,1
-0.471862,-0.133157,0.0927231,1
-0.479929,-0.230025,-0.0543764,1
-0.446797,-0.226001,0.0213615,1
-0.594778,-0.123036,-0.0389345,1
-0.49406,-0.131326,-0.0686047,1
-0.482461,-0.143319,0.0191165,1
-0.447643,-0.0735491,0.0230755,1
-0.563765,-0.103681,0.0902278,1
-0.430317,-0.146459,0.0398067,1
-0.473927,-0.186638,0.0280888,1
-0.598164,-0.117881,-0.100247,1
-0.43233,-0.209374,-0.00330301,1
-0.530568,-0.0794704,-0.0318052,1
-0.529702,-0.105991,0.0486577,1
-0.562373,-0.109217,0.0521769,1
-0.453341,-0.133786,0.0933905,1
-0.548021,-0.156003,0.0684303,1
-0.511357,-0.13227,-0.0389497,1
-0.47604,-0.0875679,-0.123106,1
-0.553957,-0.0969187,-0.055605,1
-0.614978,-0.0193417,0.0796855,1
-0.525172,-0.0340405,-0.0852297,1
-0.49307,-0.160515,0.107915,1
-0.473785,0.0024326,0.081392,1
-0.471166,-0.107307,0.0581761,1
-0.56942,-0.0785793,0.0413236,1
-0.563661,-0.0456183,0.0876719,1
-0.578373,-0.0520862,-0.0397916,1
-0.593906,-0.111856,-0.00871068,1
-0.488664,-0.0588916,-0.00307547,1
-0.462074,-0.0183107,0.0731857,1
-0.529021,-0.0269488,-0.0714413,1
-0.464092,-0.0200522,-0.088764,1
-0.525061,0.00269664,-0.0492645,1
-0.50626,0.0422166,0.0519569,1
-0.558366,0.0535448,0.079458,1
-0.573786,-0.0620785,0.094915,1
-0.602249,-0.019606,-0.0491735,1
-0.576105,0.0490274,-0.0300153,1
-0.627207,-0.0214547,-0.0372735,1
-0.492498,-0.0405261,-0.050076,1
-0.558355,-0.0256184,0.106474,1
-0.546762,0.0185797,0.0692418,1
-0.601577,0.133493,0.0594276,1
-0.493876,0.0628823,-0.0892798,1
-0.527851,0.0277136,0.0879753,1
-0.500016,0.00197606,0.0394882,1
-0.543508,0.122486,0.122522,1
-0.459509,0.0213797,-0.0099166,1
-0.476384,0.0429964,-0.0368261,1
-0.485857,0.0796549,-0.0779411,1
-0.453041,-0.0129102,0.0880738,1
-0.507487,0.000775729,0.0709255,1
-0.576854,0.108552,-0.0446456,1
-0.553936,0.0188324,-0.00499433,1
-0.507583,0.116794,-0.0192833,1
-0.466233,0.0959753,0.0725486,1
-0.576172,0.166522,-0.0231514,1
-0.543899,0.186006,0.107475,1
-0.430841,0.039147,0.121923,1
-0.572775,0.0232318,0.121453,1
-0.465176,0.157407,0.0799586,1
-0.494809,0.0683087,-0.066883,1
-0.480737,0.0538746,-0.118017,1
-0.420366,0.159809,0.119011,1
-0.502593,0.0366091,0.0234396,1
-0.404672,0.190541,-0.119542,1
-0.531469,0.0849279,0.0899472,1
-0.466696,0.120075,0.0941338,1
-0.467952,0.136591,-0.0805653,1
-0.444696,0.179572,-0.0794352,1
-0.434814,0.194533,-0.035696,1
-0.525651,0.0952915,0.00337127,1
-0.471142,0.209321,-0.011881,1
-0.459108,0.204155,0.0618849,1
-0.482896,0.221576,-0.0306979,1
-0.537799,0.239688,-0.115089,1
-0.534884,0.127473,-0.0283619,1
-0.406288,0.21282,-0.00332576,1
-0.424242,0.238697,0.0464052,1
-0.564233,0.0975985,0.0386084,1
-0.534782,0.0849253,0.0399963,1
-0.400545,0.235696,-0.0752866,1
-0.432239,0.198782,-0.0186083,1
-0.422502,0.100954,-0.0826283,1
-0.400797,0.24904,0.0902885,1
-0.520853,0.21445,0.0942703,1
-0.543697,0.115283,-0.115984,1
-0.526516,0.153442,-0.109083,1
-0.433758,0.104689,0.095279,1
-0.524551,0.153126,0.0874671,1
-0.532377,0.0985323,-0.0857151,1
-0.496604,0.257459,0.109356,1
-0.411057,0.242627,-0.0286425,1
-0.381203,0.142035,-0.121028,1
-0.443244,0.124116,0.0435989,1
-0.501813,0.111989,-0.102408,1
-0.374162,0.185435,-0.0399963,1
-0.450834,0.239182,-0.0171521,1
-0.506767,0.167923,0.0566138,1
-0.458021,0.13083,-0.123683,1
-0.437147,0.219339,0.0704325,1
-0.402968,0.280095,-0.00183922,1
-0.428059,0.235067,-0.0858516,1
-0.449684,0.153134,0.0665873,1
-0.394975,0.184782,-0.0962802,1
-0.489923,0.233058,0.0910697,1
-0.462432,0.244182,0.0151271,1
-0.355837,0.300432,-0.0828482,1
-0.423884,0.13179,-0.0310847,1
-0.353722,0.259519,0.0174934,1
-0.462679,0.166144,0.0642968,1
-0.393086,0.289773,-0.0112894,1
-0.446585,0.235368,-0.0753397,1
-0.390512,0.315163,-0.00900648,1
-0.408648,0.20806,-0.11063,1
-0.467974,0.301306,0.0662611,1
-0.494,0.27544,-0.0950667,1
-0.35242,0.214941,0.00386425,1
-0.412229,0.306697,-0.00218052,1
-0.496415,0.199363,-0.0892343,1
-0.356419,0.211131,-0.0570992,1
-0.447315,0.313159,-0.0667086,1
-0.453255,0.159553,0.0755975,1
-0.416441,0.281746,-0.0778349,1
-0.355135,0.293143,0.00155859,1
-0.390747,0.324658,0.0384795,1
-0.380361,0.263028,0.00592721,1
-0.415888,0.200771,-0.0123588,1
-0.450786,0.231262,-0.0724879,1
-0.462014,0.263837,-0.0288928,1
-0.478659,0.242799,-0.0516156,1
-0.367517,0.301798,0.0158855,1
-0.360404,0.337815,-0.0739214,1
-0.3759,0.280799,-0.10297,1
-0.335323,0.255689,-0.0908953,1
-0.455218,0.177136,-0.050258,1
-0.381788,0.237737,-0.0422413,1
-0.437855,0.191262,-0.121036,1
-0.483198,0.253036,-0.106474,1
-0.402023,0.21492,0.0396702,1
-0.376335,0.168295,-0.0256391,1
-0.366002,0.25945,-0.109151,1
-0.329723,0.215702,-0.0924652,1
-0.380128,0.247259,-0.0684151,1
-0.338515,0.335773,-0.0302959,1
-0.327813,0.263801,0.108575,1
-0.422181,0.21792,-0.0180926,1
-0.407512,0.271566,0.100808,1
-0.346867,0.214362,0.101036,1
-0.31419,0.227346,-0.113064,1
-0.421891,0.285937,0.0607473,1
-0.451615,0.219308,-0.0237733,1
-0.417352,0.282892,-0.0661322,1
-0.415146,0.242332,0.0534814,1
-0.316484,0.309026,0.00637469,1
-0.380967,0.27383,0.0299394,1
-0.438832,0.309047,-0.122264,1
-0.372406,0.306974,-0.0140046,1
-0.344453,0.339806,-0.112359,1
-0.326795,0.355416,-0.0448428,1
-0.361027,0.346895,-0.03314,1
-0.314997,0.26449,0.0843575,1
-0.423718,0.359788,-0.11242,1
-0.409345,0.366722,-0.0252978,1
-0.28062,0.251264,-0.123501,1
-0.387366,0.217393,-0.123561,1
-0.37545,0.335047,0.0751273,1
-0.272489,0.348513,-0.0962953,1
-0.417181,0.352168,-0.120019,1
-0.337492,0.311099,-0.100854,1
-0.384548,0.231186,-0.0484378,1
-0.295724,0.317771,0.0419683,1
-0.273253,0.240764,0.00484264,1
-0.336738,0.222619,0.0949302,1
-0.22659,0.309515,0.0821429,1
-0.275073,0.234869,0.0263823,1
-0.339508,0.331367,-0.0956203,1
-0.301051,0.367099,-0.101817,1
-0.347768,0.3152,0.0852145,1
-0.25194,0.26222,-0.0171521,1
-0.342105,0.299859,0.0115548,1
-0.239493,0.243647,-0.025404,1
-0.210806,0.363263,0.0890447,1
-0.25339,0.25025,0.123637,1
-0.233327,0.272451,0.107626,1
-0.200989,0.347236,0.116804,1
-0.275901,0.383364,0.0061244,1
-0.266352,0.243359,-0.0855558,1
-0.226457,0.26415,-0.0735421,1
-0.296044,0.296731,-0.0148389,1
-0.207016,0.373954,0.085078,1
-0.234379,0.254912,-0.0688626,1
-0.151799,0.356723,-0.0072469,1
-0.167526,0.304278,-0.053762,1
-0.254745,0.26822,-0.0986162,1
-0.266708,0.279709,0.0903113,1
-0.180477,0.294424,-0.0628861,1
-0.307591,0.278557,0.0150968,1
-0.149223,0.32335,0.0702505,1
-0.173376,0.307306,0.123076,1
-0.145321,0.3362,0.019526,1
-0.184288,0.270412,-0.114566,1
-0.128645,0.242559,-0.0558857,1
-0.103408,0.404411,-0.0320631,1
-0.136283,0.325162,-0.0489763,1
-0.118764,0.323254,0.0575011,1
-0.117331,0.245404,-0.119352,1
-0.134592,0.343676,0.00317407,1
-0.173087,0.336592,0.0773344,1
-0.207792,0.262139,0.104722,1
-0.152916,0.322574,-0.0696058,1
-0.165127,0.254075,0.0528367,1
-0.0531692,0.275677,0.085844,1
-0.114196,0.396535,0.0688701,1
-0.0888672,0.324424,-0.120414,1
-0.18746,0.369828,0.0845168,1
-0.22232,0.414739,-0.11964,1
-0.153645,0.411513,0.04639,1
-0.22158,0.354958,0.0306751,1
-0.185114,0.41827,0.0573874,1
-0.0773972,0.393283,0.0995339,1
-0.217602,0.427974,-0.00522944,1
-0.128488,0.28818,0.0295754,1
-0.0921459,0.310032,0.114521,1
-0.0704351,0.336991,0.0421882,1
-0.0644665,0.407366,0.0560449,1
-0.137634,0.41384,-0.0781535,1
-0.112246,0.334618,0.0847519,1
-0.154144,0.336193,-0.0028707,1
-0.0248611,0.291395,-0.0374176,1
-0.118467,0.305317,0.0786919,1
-0.164068,0.317625,0.000557453,1
-0.156779,0.451408,0.102249,1
0.00875993,0.348651,0.0745054,1
-0.0641498,0.457972,0.0279599,1
-0.0746752,0.459489,0.11578,1
-0.137983,0.327211,0.0744143,1
-0.0621156,0.330613,-0.104388,1
-0.0683202,0.363992,0.115856,1
-0.134172,0.455829,-0.0915247,1
-0.108393,0.348174,-0.0345735,1
-0.00203914,0.406631,0.112041,1
-0.148278,0.378878,-0.101028,1
-0.0110301,0.363033,0.0357263,1
-0.124093,0.425846,-0.0985252,1
-0.0219419,0.409696,0.0397233,1
0.00456735,0.316273,0.00392493,1
-0.0975513,0.35284,0.031115,1
-0.118317,0.394675,0.0331931,1
-0.064333,0.343741,0.0197081,1
-0.0380384,0.423591,-0.0592986,1
-0.0408939,0.458234,-0.0478159,1
-0.0187872,0.399647,-0.0259349,1
-0.0311535,0.319583,-0.0826813,1
-0.00495561,0.443936,-0.0727989,1
-0.133401,0.442955,0.026663,1
-0.155767,0.334598,0.0259879,1
-0.0565571,0.453324,0.0490445,1
-0.0752783,0.382564,0.0343915,1
-0.0160499,0.486768,0.0586843,1
-0.151693,0.384069,0.0680738,1
-0.0693045,0.325858,-0.0664811,1
-0.183667,0.499119,0.0652524,1
-0.145629,0.464293,0.115158,1
-0.161226,0.502312,-0.023652,1
-0.0721285,0.340771,-0.036682,1
-0.0919822,0.397674,0.0162192,1
-0.159772,0.426155,0.043963,1
-0.196865,0.446883,0.0132613,1
-0.0813924,0.500292,-0.081483,1
-0.118389,0.417115,-0.109978,1
-0.0864753,0.342068,0.105321,1
-0.221819,0.506027,-0.0865949,1
-0.187055,0.408258,-0.0688853,1
-0.272304,0.413429,0.0287942,1
-0.221261,0.489993,0.0350892,1
-0.230187,0.499693,-0.0960678,1
-0.215357,0.454332,0.073618,1
-0.206319,0.443545,0.0686502,1
-0.26829,0.497142,0.0793897,1
-0.251495,0.417571,-0.0215662,1
-0.271,0.369842,-0.0284681,1
-0.27139,0.498844,-0.00117937,1
-0.19555,0.517406,0.0921846,1
-0.221453,0.471617,-0.00495641,1
-0.29659,0.443248,0.0960526,1
-0.203043,0.352987,0.0131324,1
-0.19906,0.379143,0.00240805,1
-0.301002,0.422183,-0.0227342,1
-0.263243,0.407838,-0.0608459,1
-0.237839,0.383269,-0.0192151,1
-0.275936,0.430998,-0.00566176,1
-0.37991,0.474346,0.0352637,1
-0.430819,0.409378,-0.0380623,1
-0.390156,0.360095,0.0238643,1
-0.268355,0.458865,-0.00449376,1
-0.327653,0.383458,0.109378,1
-0.271194,0.455511,0.0487412,1
-0.36421,0.378952,0.123933,1
-0.356766,0.424532,0.0623552,1
-0.285778,0.39693,0.0251992,1
-0.31592,0.441498,-0.117881,1
-0.487976,0.335999,0.0741944,1
-0.354023,0.429904,0.0305765,1
-0.398824,0.418415,-0.108688,1
-0.410112,0.456981,-0.0484605,1
-0.398797,0.341974,0.0140729,1
-0.343841,0.341197,0.0360676,1
-0.357823,0.457056,-0.0845623,1
-0.461171,0.489642,-0.0720935,1
-0.448971,0.475833,-0.0420214,1
-0.364473,0.452683,0.0404514,1
-0.402089,0.36329,-0.00372015,1
-0.512189,0.362872,0.0909939,1
-0.546309,0.400185,0.123963,1
-0.413774,0.390936,-0.0175313,1
-0.50278,0.345511,-0.0158021,1
-0.511357,0.483897,0.0723211,1
-0.45208,0.396632,0.0546039,1
-0.388623,0.488618,-0.0524575,1
-0.537152,0.340822,0.0514715,1
-0.452628,0.316569,0.118859,1
-0.444985,0.346877,-0.0952942,1
-0.54793,0.456654,0.00401594,1
-0.447261,0.305648,-0.0936484,1
-0.58343,0.335956,-0.0986844,1
-0.517642,0.314098,-0.0224157,1
-0.521383,0.319467,0.108013,1
-0.591615,0.369378,0.0971372,1
-0.50154,0.376194,0.0878842,1
-0.560221,0.477853,-0.0260714,1
-0.515281,0.415832,-0.0103944,1
-0.506619,0.44107,-0.00687526,1
-0.500941,0.330886,-0.0169246,1
-0.643717,0.284829,0.077395,1
-0.562037,0.452484,-0.0653434,1
-0.516785,0.345622,-0.00852107,1
-0.524745,0.401583,-0.0525713,1
-0.565778,0.379564,-0.04909,1
-0.503227,0.443487,-0.0946495,1
-0.635092,0.330982,-0.119473,1
-0.574425,0.301103,-0.0750439,1
-0.684582,0.3912,0.0823325,1
-0.56495,0.291878,-0.0823628,1
-0.612332,0.391104,-0.00780056,1
-0.563109,0.272249,0.0759843,1
-0.548252,0.301491,-0.10859,1
-0.669446,0.310719,-0.120497,1
-0.574793,0.360688,-0.114407,1
-0.589682,0.394758,0.0767503,1
-0.573419,0.323392,0.0965305,1
-0.558353,0.283663,0.084312,1
-0.571088,0.254447,0.0293403,1
-0.634766,0.357204,0.116667,1
-0.628481,0.390797,0.103227,1
-0.660625,0.331724,0.0815892,1
-0.676888,0.390417,0.0598295,1
-0.62241,0.290896,-0.0784037,1
-0.596883,0.282371,-0.0213994,1
-0.545797,0.300397,0.117198,1
-0.697467,0.273379,-0.0937622,1
-0.611466,0.351036,0.0922149,1
-0.670774,0.359737,0.0880283,1
-0.592974,0.38406,-0.101293,1
-0.558516,0.270489,-0.0777439,1
-0.666936,0.315813,0.113193,1
-0.611019,0.277423,0.0833488,1
-0.559219,0.294378,-0.112609,1
-0.639262,0.388899,-0.0684682,1
-0.609162,0.343351,0.0714944,1
-0.619103,0.313744,0.088802,1
-0.692163,0.363928,-0.111745,1
-0.264979,0.1232,0.114604,0
-0.230977,0.0983203,-0.0419531,0
-0.262693,0.0123357,-0.11286,0
-0.18959,0.145766,-0.0934891,0
-0.281436,0.102195,-0.00601822,0
-0.209959,0.164242,-0.121248,0
-0.179285,0.0538972,0.0239098,0
-0.246188,0.092592,0.0455936,0
-0.215289,0.125885,0.0141335,0
-0.1543,0.117285,0.0351423,0
-0.157647,0.00720748,-0.0355974,0
-0.174355,0.0549261,-0.0426433,0
-0.158565,0.0271416,0.0624234,0
-0.203575,0.116781,0.0882104,0
-0.235548,0.149393,0.0326926,0
-0.194392,0.0380143,0.102499,0
-0.131927,-0.00405105,0.00240805,0
-0.168961,0.0209952,0.0121692,0
-0.212555,-0.010535,0.10821,0
-0.168655,0.146478,-0.120194,0
-0.184821,0.0760029,0.122689,0
-0.195083,0.0656822,0.0790333,0
-0.120413,-0.0157208,-0.101202,0
-0.129682,-0.0125325,0.116986,0
-0.0849887,0.0366438,-0.0598751,0
-0.0797931,0.142407,0.107991,0
-0.180323,0.118652,0.0563862,0
-0.151694,0.108589,0.026572,0
-0.077936,0.118958,0.0484605,0
-0.204041,0.089003,0.1095,0
-0.104746,-0.0135191,0.0850628,0
-0.136349,0.0697059,0.111646,0
-0.137095,0.082872,0.061263,0
-0.172257,0.0913815,-0.0116003,0
-0.0900345,-0.0204532,0.089568,0
-0.0440043,0.12348,-0.102211,0
-0.0422814,-0.013696,-0.0967959,0
-0.0714206,0.088295,-0.0455709,0
-0.112905,0.113272,-0.093527,0
-0.050955,0.0638757,0.00328025,0
-0.117714,0.13535,0.0614678,0
-0.0898686,-0.0318932,0.0655027,0
0.00425277,0.00996309,0.00990144,0
-0.0955096,0.0292917,-0.0751652,0
-0.0231313,0.113524,-0.0724348,0
-0.0868521,0.0087842,0.0706677,0
-0.11743,0.137954,0.048415,0
-0.0181934,0.0816134,0.0722604,0
-0.0724784,0.0810722,0.108696,0
-0.0684422,0.0152681,-0.0181684,0
0.0771614,0.12713,-0.0202086,0
0.0567924,0.0813669,-0.0581382,0
-0.0304374,0.081324,-0.0363407,0
-0.0582938,0.0286487,0.0714489,0
0.0936712,0.135462,-0.013724,0
-0.0345326,0.142134,-0.0164771,0
0.0601684,0.0266713,0.0480737,0
0.0863502,0.0601199,-0.0048123,0
0.0480006,0.0645354,-0.0100531,0
0.0280182,0.0987075,0.0609065,0
0.105351,0.103331,0.0559918,0
0.0648166,-0.024355,-0.0227191,0
0.0161511,-0.0181711,-0.00109595,0
0.111137,0.0890177,0.0869135,0
0.0168274,0.0447607,0.0320176,0
0.11162,0.00468883,0.0452068,0
0.122827,0.0435336,-0.0552182,0
-0.0179367,0.00970451,-0.025586,0
0.142337,0.00443698,-0.00769438,0
0.129273,0.064443,0.0183884,0
0.0610663,0.121427,0.0715854,0
0.120456,-0.00429758,0.0265113,0
0.0474549,0.0217668,0.0900913,0
0.099169,0.121132,-0.01898,0
0.142676,0.0100421,0.116758,0
0.175965,0.0275005,-0.0841755,0
0.0292811,0.0106476,0.0209747,0
0.018482,0.0763016,-0.0171825,0
0.10467,-0.0321679,-0.0864735,0
0.168558,0.059154,-0.122037,0
0.197365,0.118744,-0.118487,0
0.179723,0.083495,-0.0440995,0
0.139956,0.0548799,-0.018578,0
0.0746196,0.0884678,0.0474897,0
0.0751403,0.105991,0.011259,0
0.152789,0.0579986,0.0984114,0
0.0943392,0.00778817,0.0898183,0
0.10677,0.0813408,0.0858365,0
0.069145,0.0816194,0.121233,0
0.236423,0.0643754,-0.00526737,0
0.155505,0.0924044,-0.0933981,0
0.188691,0.140257,0.0155746,0
0.279764,0.138285,0.0387146,0
0.260645,0.156253,-0.0307054,0
0.205619,0.132519,0.0429315,0
0.184075,0.0176622,-0.047429,0
0.253496,0.163272,-0.0363634,0
0.133021,0.162099,-0.0229238,0
0.185873,0.0586879,-0.0203224,0
0.118475,0.0824213,-0.0854952,0
0.298478,0.0860411,-0.0895376,0
0.17957,0.0537071,0.0403376,0
0.252464,0.105622,-0.0375238,0
0.17526,0.126981,-0.101984,0
0.233431,0.0610645,0.0362876,0
0.185828,0.180841,0.0356126,0
0.178738,0.131536,-0.0506676,0
0.284447,0.0910353,-0.0726548,0
0.299615,0.0145033,0.115605,0
0.308042,0.168162,0.122006,0
0.276289,0.136577,0.0415815,0
0.248631,0.0968268,0.0338226,0
0.288687,0.18384,-0.0598826,0
0.260611,0.039275,-0.120914,0
0.273422,0.0634049,0.0332614,0
0.330273,0.0671935,-0.115476,0
0.231756,0.0785484,-0.0241677,0
0.28018,0.0562511,-0.0538455,0
0.34754,0.187307,0.102151,0
0.375573,0.161071,0.023159,0
0.309977,0.165121,-0.0914717,0
0.253223,0.114058,0.0217483,0
0.294911,0.225159,0.10658,0
0.242032,0.104932,-0.0163027,0
0.366564,0.0692278,-0.0449945,0
0.312048,0.190949,0.0130414,0
0.285147,0.0656858,0.0860943,0
0.394598,0.118308,-0.0227722,0
0.370262,0.0810597,-0.0847671,0
0.293665,0.128794,-0.0508951,0
0.302603,0.246633,0.00471371,0
0.356593,0.147295,-0.0630908,0
0.357559,0.125067,-0.0737773,0
0.349369,0.129815,-0.00415246,0
0.36174,0.123491,-0.0786313,0
0.390525,0.106939,-0.0966139,0
0.323359,0.160889,-0.0413236,0
0.40615,0.102244,-0.0701443,0
0.259981,0.108294,-0.0533297,0
0.260121,0.172941,0.0243876,0
0.333616,0.251351,0.106724,0
0.359653,0.199399,-0.0783962,0
0.39943,0.249786,0.00542664,0
0.376678,0.125717,-0.0584719,0
0.389689,0.160072,0.0319796,0
0.353948,0.13606,0.0125939,0
0.349794,0.23027,0.0845774,0
0.387628,0.269034,0.0785782,0
0.400171,0.253939,-0.0614299,0
0.428006,0.2249,-0.0962043,0
0.325798,0.276707,0.0693707,0
0.4149,0.187421,-0.102393,0
0.364415,0.141075,0.0267843,0
0.294007,0.260336,-0.0649566,0
0.264497,0.271027,-0.0748846,0
0.432317,0.30275,-0.122135,0
0.329925,0.263471,-0.114437,0
0.327939,0.222097,-0.0824311,0
0.370663,0.164165,-0.0978122,0
0.409458,0.174679,0.0625372,0
0.436928,0.161237,0.0682103,0
0.305885,0.294688,-0.0541716,0
0.294082,0.206522,0.107983,0
0.37676,0.3039,-0.0443422,0
0.413934,0.227528,-0.0666024,0
0.417471,0.199899,0.114794,0
0.314821,0.33498,-0.0532008,0
0.392771,0.296188,0.0855179,0
0.433369,0.260746,0.0381913,0
0.355307,0.239864,0.05358,0
0.34773,0.244535,0.0798751,0
0.282233,0.220459,0.0913503,0
0.405478,0.294371,0.0119341,0
0.265235,0.294708,-0.0608459,0
0.419636,0.256753,0.0283467,0
0.414554,0.239557,-0.121582,0
0.432277,0.341757,0.0268905,0
0.300756,0.264212,-0.0599888,0
0.329058,0.319331,0.113777,0
0.321538,0.318983,-0.043652,0
0.343125,0.271737,0.102954,0
0.375968,0.298204,0.0177589,0
0.368588,0.26633,-0.0575315,0
0.410475,0.26087,0.0656544,0
0.315521,0.351302,-0.0274897,0
0.319332,0.346447,0.0341563,0
0.435019,0.263565,-0.0307965,0
0.328698,0.341694,-0.0728975,0
0.293886,0.278966,0.0334055,0
0.362759,0.345461,0.119079,0
0.411233,0.261226,-0.0845471,0
0.371595,0.293448,-0.00830113,0
0.334475,0.380252,-0.0192606,0
0.314267,0.240504,0.0197232,0
0.346202,0.32022,-0.0903416,0
0.295604,0.243768,0.0769855,0
0.438611,0.352661,-0.0518583,0
0.440549,0.348068,-0.112662,0
0.32791,0.292317,-0.0578197,0
0.302142,0.354343,-0.00390976,0
0.423343,0.342735,0.0810355,0
0.43295,0.304903,-0.00525978,0
0.438962,0.379238,0.100679,0
0.373298,0.368585,0.080626,0
0.40935,0.289175,-0.0288473,0
0.401691,0.333614,0.116697,0
0.286454,0.30815,-0.0100304,0
0.343536,0.376767,0.0034016,0
0.374849,0.29149,-0.0830454,0
0.413708,0.38899,0.0584644,0
0.307612,0.409617,-0.120156,0
0.414712,0.371228,0.0308268,0
0.377463,0.349606,0.0492569,0
0.331449,0.385519,0.0917523,0
0.354619,0.438216,0.0743233,0
0.290593,0.329114,-0.104517,0
0.344459,0.381431,0.110129,0
0.393345,0.353807,0.0652979,0
0.383678,0.34989,-0.119132,0
0.273138,0.42072,-0.0686199,0
0.356833,0.357401,-0.0217104,0
0.406819,0.347311,-0.0587829,0
0.340022,0.339487,-0.0420593,0
0.347574,0.373922,-0.0734663,0
0.433596,0.454939,0.0788816,0
0.343033,0.445165,0.0427116,0
0.303782,0.42058,0.0531401,0
0.311898,0.376976,0.10231,0
0.353972,0.302197,0.108901,0
0.300229,0.29791,0.0520783,0
0.414666,0.35394,-0.0357112,0
0.415471,0.478352,-0.0618242,0
0.2681,0.371833,0.0157338,0
0.279801,0.359106,0.0305689,0
0.394581,0.33877,0.0384415,0
0.403292,0.339118,0.0125181,0
0.314506,0.474461,-0.00190748,0
0.303203,0.349085,0.0293478,0
0.439677,0.383831,-0.0767048,0
0.398821,0.475067,0.10843,0
0.296906,0.400995,0.0651386,0
0.340639,0.3555,0.0874519,0
0.437009,0.448177,-0.0835081,0
0.372961,0.486374,0.0131627,0
0.4135,0.409306,-0.0229087,0
0.320667,0.448402,-0.064676,0
0.293433,0.376795,-0.0228935,0
0.317742,0.426925,0.0037429,0
0.42014,0.484391,-0.0677249,0
0.37346,0.420859,-0.0331173,0
0.294966,0.458303,0.076811,0
0.319049,0.470574,0.00712555,0
0.41718,0.457874,-0.0806412,0
0.387853,0.494088,0.0803605,0
0.282326,0.450624,0.0150968,0
0.359776,0.37899,-0.089568,0
0.39578,0.509676,-0.0830833,0
0.328259,0.494645,-0.0453433,0
0.307074,0.397815,-0.0316763,0
0.287779,0.50704,0.0252523,0
0.457561,0.491608,-0.0691129,0
0.302773,0.359308,0.110797,0
0.458275,0.424743,-0.0252068,0
0.398988,0.493928,-0.0278613,0
0.336061,0.403062,-0.106876,0
0.463294,0.395115,-0.115074,0
0.409256,0.409653,-0.0483468,0
0.383573,0.440245,-0.0246758,0
0.321709,0.364855,-0.0197384,0
0.400469,0.412745,-0.120687,0
0.362897,0.51698,0.0147175,0
0.32656,0.520007,0.115529,0
0.336618,0.473719,-0.0373797,0
0.409142,0.402782,0.0629392,0
0.333892,0.390435,0.0409596,0
0.318004,0.420637,0.0552031,0
0.420241,0.468302,-0.0401329,0
0.477983,0.516728,0.109409,0
0.454157,0.383935,0.0619608,0
0.337987,0.510865,0.0187904,0
0.424944,0.512691,0.0480055,0
0.387786,0.477656,0.118063,0
0.352249,0.390809,0.00878653,0
0.502212,0.421905,0.0902127,0
0.428938,0.388119,-0.0704553,0
0.426608,0.434433,0.120323,0
0.428787,0.487307,-0.0227873,0
0.435454,0.458247,0.116864,0
0.453477,0.474607,-0.0829847,0
0.342798,0.411729,0.0119113,0
0.535044,0.437443,0.108339,0
0.547287,0.419958,0.0316611,0
0.568767,0.393862,0.0457226,0
0.501633,0.398984,0.0681876,0
0.413383,0.354685,0.0887337,0
0.545479,0.429764,-0.0843499,0
0.505202,0.491164,-0.113618,0
0.538297,0.421748,-0.0290445,0
0.471495,0.363103,-0.0720632,0
0.454615,0.41543,-0.123243,0
0.532913,0.360329,-0.0725183,0
0.459273,0.488368,-0.00107319,0
0.608168,0.42609,0.106974,0
0.529177,0.352559,0.0768262,0
0.475102,0.357232,-0.0315246,0
0.531399,0.391484,0.0888778,0
0.447149,0.328354,0.0996249,0
0.571772,0.456356,0.00400077,0
0.561371,0.378924,-0.0551955,0
0.478397,0.427773,-0.0618546,0
0.446297,0.469775,-0.100702,0
0.620498,0.328065,0.071866,0
0.5045,0.306315,-0.0539289,0
0.481436,0.458189,0.0961133,0
0.621223,0.348777,-0.0967656,0
0.548372,0.379755,-0.0640692,0
0.476434,0.467058,-0.0444256,0
0.559789,0.388538,0.0235685,0
0.597757,0.41084,-0.112025,0
0.520881,0.29765,0.103796,0
0.611569,0.433764,-0.121893,0
0.501232,0.30176,0.0417408,0
0.451944,0.391367,-0.0386767,0
0.595359,0.30893,0.00255974,0
0.468653,0.445318,-0.0352561,0
0.609642,0.34165,-0.0652752,0
0.570058,0.416628,0.0774709,0
0.455363,0.292961,0.0892646,0
0.442369,0.359317,0.0424689,0
0.557546,0.308346,-0.100095,0
0.450197,0.287033,0.0840238,0
0.4449,0.27548,-0.0589953,0
0.479084,0.250043,-0.0280888,0
0.51533,0.340475,0.105017,0
0.427944,0.393349,-0.0523513,0
0.576651,0.371904,-0.0740124,0
0.584627,0.347972,0.0670499,0
0.428325,0.384186,0.0886351,0
0.523236,0.269339,-0.0320251,0
0.473443,0.302965,-0.101187,0
0.518519,0.24993,0.00143724,0
0.443699,0.247808,-0.00586653,0
0.46227,0.331713,-0.0414981,0
0.461937,0.273191,0.051517,0
0.475683,0.213802,-0.0168867,0
0.552135,0.294706,-0.0809369,0
0.396584,0.262721,0.0157035,0
0.451068,0.304523,0.113118,0
0.465039,0.259355,0.0664887,0
0.430806,0.233891,-0.117395,0
0.432247,0.336893,-0.0555444,0
0.502398,0.258801,0.0563711,0
0.538499,0.30645,-0.030038,0
0.499285,0.209604,-0.0606411,0
0.542857,0.184166,0.0386539,0
0.501545,0.302614,0.0111756,0
0.442231,0.268383,0.0671561,0
0.541295,0.324193,-0.0247289,0
0.513144,0.3308,0.114308,0
0.458349,0.322687,0.0737697,0
0.465107,0.292416,0.0336179,0
0.350584,0.151205,-0.027702,0
0.52083,0.235336,0.068726,0
0.473013,0.298948,-0.0368336,0
0.487955,0.181728,0.119496,0
0.483254,0.152497,0.0444939,0
0.511072,0.210665,-0.0652296,0
0.359644,0.130264,-0.0246683,0
0.373583,0.19849,0.116477,0
0.453894,0.17944,0.0535269,0
0.412134,0.132777,0.0476793,0
0.416557,0.147036,-0.0288928,0
0.404512,0.0769772,0.0730871,0
0.448718,0.0781722,0.110205,0
0.46256,0.221237,0.116766,0
0.361558,0.148167,0.100626,0
0.494581,0.187853,-0.107467,0
0.490577,0.24243,0.0456695,0
0.483584,0.185913,-0.11468,0
0.466736,0.229972,0.0159234,0
0.46348,0.136966,-0.043379,0
0.335566,0.188837,-0.0799358,0
0.361802,0.165913,7.20518e-05,0
0.464795,0.131419,0.0412478,0
0.43622,0.110762,-0.0123815,0
0.483715,0.207592,-0.0835536,0
0.459841,0.0540622,-0.113292,0
0.453229,0.179401,0.0744447,0
0.373009,0.17991,0.108931,0
0.386674,0.0969473,-0.036553,0
0.325827,0.00810906,0.0288624,0
0.354697,0.153124,-0.0471636,0
0.428557,0.0181136,-0.0970993,0
0.345315,0.0326355,-0.0646911,0
0.396015,0.016624,0.0570385,0
0.354059,0.118561,0.0548314,0
0.32478,0.0082859,0.00145241,0
0.380224,0.0490008,0.042886,0
0.323873,0.152503,0.122704,0
0.420479,0.00812513,-0.0783507,0
0.41789,0.0520411,0.0972282,0
0.34015,0.0707534,0.0428329,0
0.487241,0.0515267,0.0239553,0
0.334262,0.0758602,-0.100998,0
0.441029,0.0738882,-0.0231059,0
0.374839,0.0353275,-0.123493,0
0.350353,0.038832,-0.0923742,0
0.437014,0.0129927,0.11939,0
0.489716,0.117047,0.0270953,0
0.49299,-0.017857,-0.115711,0
0.335597,0.0488151,0.0744143,0
0.362852,0.0176707,0.100565,0
0.334363,0.00336851,-0.0603529,0
0.325383,0.063621,-0.00839972,0
0.345575,0.0624796,0.0616119,0
0.48965,-0.03613,0.00668565,0
0.402844,-0.0145562,0.0969628,0
0.415034,0.0661771,0.00414487,0
0.450023,-0.0284993,0.0751197,0
0.424909,0.0150396,-0.0955445,0
0.450671,0.033999,-0.0316459,0
0.415628,-0.0263982,-0.0727913,0
0.42559,0.0119107,0.0526699,0
0.482328,-0.0223738,0.064494,0
0.325403,-0.0920093,0.0642513,0
0.409166,-0.00702138,-0.023159,0
0.461164,0.0144775,0.00453168,0
0.38359,-0.107373,-0.101521,0
0.359099,-0.0220898,0.116887,0
0.437478,-0.0921647,-0.0412326,0
0.483496,-0.135789,-0.0263672,0
0.457191,-0.073056,0.0888854,0
0.481548,-0.0122569,0.112086,0
0.331794,-0.135007,-0.0647291,0
0.485445,-0.0459198,0.108203,0
0.474028,0.0107853,0.049894,0
0.365029,-0.126123,-0.099185,0
0.371717,-0.0211254,-0.116902,0
0.448561,-0.144256,0.0120933,0
0.373788,0.00514261,0.013815,0
0.426384,-0.0556546,0.116303,0
0.446152,-0.0321355,0.0296057,0
0.444365,-0.0387374,-0.0681724,0
0.401136,-0.165223,-0.102879,0
0.480175,-0.099783,-0.0454647,0
0.425375,-0.132985,0.0829468,0
0.450569,-0.166375,0.040732,0
0.354161,-0.0317497,0.0310164,0
0.437269,-0.0274628,0.0891433,0
0.423818,-0.085454,0.0530112,0
0.402586,-0.0897136,-0.0399963,0
0.456372,-0.248501,-0.0974254,0
0.409333,-0.124652,-0.10545,0
0.316033,-0.0957313,-0.0996249,0
0.43537,-0.148648,0.0736104,0
0.412097,-0.104391,0.00700419,0
0.327696,-0.239327,0.0598144,0
0.418564,-0.132754,-0.0200266,0
0.317337,-0.190172,-0.104069,0
0.408055,-0.194625,-0.0098711,0
0.40564,-0.132036,0.0931402,0
0.292958,-0.276847,0.0293099,0
0.383017,-0.213396,0.0972131,0
0.290328,-0.279773,-0.0630302,0
0.322833,-0.219714,-0.110895,0
0.409483,-0.128794,-0.0739745,0
0.321427,-0.185933,0.043872,0
0.277318,-0.21891,-0.0107206,0
0.311647,-0.152548,-0.0933753,0
0.333111,-0.224086,-0.0197081,0
0.434235,-0.195794,0.0219455,0
0.294261,-0.296976,-0.0557264,0
0.342368,-0.190109,0.0120023,0
0.314791,-0.186309,0.0258818,0
0.410366,-0.18766,0.0781307,0
0.28731,-0.246106,-0.0022867,0
0.32676,-0.170485,0.0625599,0
0.349029,-0.195907,0.0614071,0
0.298334,-0.195842,0.00248389,0
0.384893,-0.1846,0.0741186,0
0.416585,-0.351743,-0.122355,0
0.260535,-0.304083,-0.0184491,0
0.262312,-0.253674,-0.0793139,0
0.362659,-0.201979,-0.0831819,0
0.262108,-0.224036,0.0104551,0
0.280104,-0.336717,-0.0774557,0
0.28523,-0.348688,-0.11559,0
0.401213,-0.349031,-0.11848,0
0.335876,-0.299908,0.0511075,0
0.335559,-0.343362,0.0200114,0
0.281749,-0.400108,-0.00640503,0
0.270064,-0.270032,-0.100338,0
0.406802,-0.267439,-0.0716081,0
0.377325,-0.349377,-0.123796,0
0.426156,-0.395231,0.0138681,0
0.338846,-0.310629,0.0500305,0
0.330795,-0.284013,0.0242284,0
0.398697,-0.390409,0.0297271,0
0.280407,-0.305378,0.100626,0
0.331069,-0.304831,-0.0280661,0
0.315671,-0.424347,-0.0701216,0
0.27781,-0.294218,0.024236,0
0.300777,-0.372406,-0.0691204,0
0.312864,-0.392361,0.0769399,0
0.338713,-0.377132,-0.0631439,0
0.308302,-0.378429,0.106663,0
0.371298,-0.263684,-0.0795793,0
0.4237,-0.307754,0.0683317,0
0.424628,-0.330565,-0.049712,0
0.368384,-0.334729,-0.0756203,0
0.300724,-0.301169,-0.083235,0
0.407115,-0.375831,-0.0225295,0
0.307213,-0.337587,-0.00468337,0
0.386048,-0.346589,0.0247593,0
0.24792,-0.441019,0.117122,0
0.30424,-0.423437,-0.0125939,0
0.374289,-0.328241,0.064274,0
0.374058,-0.436132,0.0391772,0
0.277859,-0.400818,-0.0717598,0
0.403487,-0.340791,0.0435307,0
0.240069,-0.342515,0.0734435,0
0.293265,-0.462687,0.115947,0
0.249714,-0.304115,0.0919419,0
0.253241,-0.395812,0.0104778,0
0.403086,-0.310588,-0.00833146,0
0.301477,-0.381316,-0.00318924,0
0.269611,-0.368675,-0.105533,0
0.390102,-0.295702,-0.100353,0
0.302878,-0.436709,-0.00688284,0
0.330246,-0.408522,0.0804212,0
0.321877,-0.369459,0.0801557,0
0.264458,-0.455305,-0.0521921,0
0.364794,-0.397067,0.0284756,0
0.226945,-0.420945,-0.123114,0
0.303811,-0.315809,-0.114035,0
0.306135,-0.311934,0.0867997,0
0.265901,-0.307658,-0.0126546,0
0.390992,-0.441351,-0.0478765,0
0.321131,-0.318091,-0.111001,0
0.348923,-0.316698,0.0914337,0
0.321149,-0.347873,-0.0763711,0
0.241514,-0.34468,0.0478614,0
0.258582,-0.452168,-0.0931327,0
0.278145,-0.362229,-0.0388814,0
0.285182,-0.387897,0.103228,0
0.333128,-0.391546,-0.0114562,0
0.261604,-0.379221,-0.00720897,0
0.196487,-0.38137,0.0982673,0
0.329908,-0.327553,-0.0734966,0
0.284071,-0.461187,0.0530188,0
0.256288,-0.406318,0.0560904,0
0.292308,-0.397315,0.108779,0
0.189052,-0.384149,0.0359235,0
0.161319,-0.421965,-0.0180698,0
0.124198,-0.31752,0.0145431,0
0.280581,-0.356552,0.0283694,0
0.205889,-0.331892,0.0287411,0
0.288116,-0.396372,0.0244711,0
0.239268,-0.331281,0.0632501,0
0.136678,-0.353969,0.0815816,0
0.117781,-0.428775,-0.109227,0
0.233758,-0.316109,-0.0198825,0
0.14859,-0.350313,0.0618394,0
0.224859,-0.320375,0.0590559,0
0.200728,-0.351353,-0.114445,0
0.181019,-0.417082,-0.0969097,0
0.166162,-0.443388,-0.060861,0
0.172882,-0.428801,-0.0968566,0
0.113906,-0.38904,-0.114786,0
0.144526,-0.381136,-0.0682786,0
0.153058,-0.438174,-0.0537469,0
0.187812,-0.324865,0.117441,0
0.240438,-0.318746,-0.0862157,0
0.188896,-0.464742,-0.0561587,0
0.116282,-0.44634,0.000951842,0
0.11422,-0.436148,-0.121817,0
0.144954,-0.464356,-0.0152409,0
0.225775,-0.423228,-0.00472129,0
0.0929337,-0.483609,0.0144066,0
0.0894718,-0.369321,-0.0715171,0
0.22918,-0.428521,0.0870576,0
0.261996,-0.471604,0.0211567,0
0.282606,-0.359566,0.0237885,0
0.187605,-0.471438,-0.052632,0
0.121742,-0.483404,-0.0300153,0
0.132622,-0.35313,0.0213918,0
0.24196,-0.414953,0.11113,0
0.164799,-0.423505,-0.0244028,0
0.289981,-0.33161,-0.092306,0
0.129595,-0.463379,-0.0288776,0
0.329434,-0.330846,0.00375049,0
0.286141,-0.460133,0.0790636,0
0.157454,-0.466285,-0.0654572,0
0.207929,-0.421412,-0.052685,0
0.308652,-0.437766,-0.0943689,0
0.221202,-0.431765,-0.10551,0
0.161528,-0.320584,0.0521769,0
0.25872,-0.402389,-0.0235458,0
0.218239,-0.372445,0.0472015,0
0.271145,-0.409258,-0.0418242,0
0.310049,-0.433244,-0.0284301,0
0.296926,-0.294364,0.110069,0
0.301386,-0.313382,0.0836825,0
0.238084,-0.386902,0.0162117,0
0.210125,-0.326039,-0.0257377,0
0.196031,-0.333251,-1.8961e-05,0
0.189698,-0.291818,-0.116508,0
0.342655,-0.403669,-0.0396171,0
0.20026,-0.318129,0.0426812,0
0.27309,-0.286733,-0.0132234,0
0.36567,-0.232655,-0.0677628,0
0.23541,-0.232333,0.0949377,0
0.22796,-0.223936,-0.0844864,0
0.312995,-0.291975,0.00651121,0
0.359632,-0.2869,-0.010895,0
0.35339,-0.290062,-0.0677401,0
0.284339,-0.390397,0.0293782,0
0.361092,-0.23878,0.0844106,0
0.300199,-0.322793,0.0149678,0
0.293662,-0.317847,-0.0576073,0
0.405168,-0.354264,0.116,0
0.261828,-0.283835,-0.0211794,0
0.381643,-0.273064,0.0984645,0
0.27756,-0.276697,0.00246872,0
0.39913,-0.309514,-0.0329732,0
0.3919,-0.307011,0.0199356,0
0.25571,-0.33658,-0.0023322,0
0.294655,-0.270921,-0.0192985,0
0.251051,-0.205256,-0.040914,0
0.294,-0.215593,-0.0235761,0
0.316171,-0.148901,0.0718205,0
0.33625,-0.265923,-0.0556657,0
0.323229,-0.191293,-0.0357187,0
0.271536,-0.200194,-0.00157376,0
0.361127,-0.12094,0.0733905,0
0.29344,-0.216666,-0.0259273,0
0.371975,-0.179322,0.0323892,0
0.324077,-0.132863,-0.0115548,0
0.398591,-0.199674,-0.110569,0
0.406546,-0.279314,0.0724652,0
0.331396,-0.0759103,0.0565,0
0.34416,-0.0984165,-0.0271863,0
0.384173,-0.0371512,0.0227115,0
0.342072,-0.182585,-0.0844106,0
0.319567,-0.0505693,-0.102128,0
0.329196,-0.167104,0.0778349,0
0.382279,-0.184283,0.0146569,0
0.269753,-0.169772,-0.0547935,0
0.256334,-0.0800954,-0.00687526,0
0.339447,-0.0943065,-0.0352561,0
0.301823,-0.156109,-0.114475,0
0.28892,-0.0232629,0.0869286,0
0.223057,-0.0800805,0.0208154,0
0.300572,-0.0125885,0.0711682,0
0.235306,-0.0776477,-0.110819,0
0.366805,-0.0124331,0.0922453,0
0.245718,-0.16203,-0.0468299,0
0.268068,-0.0701081,0.0553168,0
0.366086,-0.056465,0.00764128,0
0.2494,-0.112618,0.0424158,0
0.203073,0.0280401,-0.0950743,0
0.251932,0.0354725,0.036773,0
0.364533,-0.118926,0.0280357,0
0.35535,-0.0537541,0.0569247,0
0.342017,-0.0866561,-0.0479372,0
0.216868,-0.0714215,0.0458591,0
0.223137,-0.0301064,-0.0348693,0
0.251047,-0.0962052,-0.00320441,0
0.304146,-0.0186122,-0.110744,0
0.208017,0.0348509,0.0599964,0
0.289342,-0.094335,0.0100304,0
0.194533,0.0279705,-0.0392531,0
0.260498,-0.0946618,-0.071957,0
0.243344,-0.100653,0.031115,0
0.282826,-0.109023,0.0943386,0
0.315202,-0.0193944,-0.105298,0
0.197029,-0.0182424,-0.103106,0
0.303624,0.0332863,0.0611644,0
0.266762,-0.107624,0.0679069,0
0.344926,-0.0535879,0.122295,0
0.320027,0.00782745,0.0110846,0
0.268705,-0.0321694,-0.103099,0
0.250568,0.0510234,-0.0886275,0
0.284275,-0.0186013,-0.110235,0
0.33271,-0.0951012,0.105723,0
0.212906,0.0524542,-0.0952032,0
0.340063,-0.0325606,0.0651614,0
0.304268,-0.0742775,-0.0266402,0
0.353583,0.0439286,-0.0197915,0
0.313951,0.0408902,-0.0212174,0
0.268967,-0.050942,-0.11713,0
0.269161,0.0653457,-0.00343953,0
0.235808,0.00115463,0.0621276,0
0.279761,-0.0204514,0.0486122,0
0.329484,0.00235497,0.0842817,0
0.228782,0.00768681,3.41298e-05,0
0.308331,0.0510435,-0.102606,0
0.216148,0.0271119,-0.100467,0
0.346574,0.0105751,0.0863143,0
0.208118,0.0393617,-0.0904326,0
