Dim_1,Dim_2,Dim_3,Dim_4
1.6069289082152582,2.686839575937962,2.2233019271854504,3.7054901565873672
0.8985954066614025,2.84083929801978,2.5112927355833072,4.71363260675919
0.6821476841060745,1.9063090317836284,2.020902529796967,4.27901819375735
1.5811972462646828,2.0681698242602558,3.5147078143393164,4.960510314405914
0.7123876622026776,2.442227707698104,3.2144338370646253,5.075656493092481
1.251486741404453,1.237413629574103,2.6887396330802393,5.057022921323195
0.9815093411155669,1.7792522072294572,2.5950029545822857,4.107714025431451
1.1405367715948311,1.6793329717069978,3.0824389548624067,4.470495713386181
1.1585574278425521,2.8195893352412478,3.8243583063326834,3.307179728866924
1.0595392746231131,2.287429096113244,2.8436227519092063,4.1763256155154185
0.4527867594149224,1.8930917617331373,2.610151797407527,3.538472326615574
0.5668577762187742,2.4039316015848153,3.3320003953489903,4.481828950191508
0.6280668381566077,2.2533836867859507,3.3442087201392363,3.872029391564131
0.6164903440577243,1.8388982359034303,3.722090321769395,4.2660559072085
0.8436664947882502,2.7430985013131317,3.9204921725872035,3.287310853429534
0.08358203175554901,2.025747738237915,2.820184212636466,4.799969806228052
1.3110704765827128,2.5054843006932788,2.911492833677498,3.314403051773911
0.6433876328561454,2.3634869643879575,4.3160122044261335,4.420141533159348
0.3952178823486884,1.3976316898479753,3.204022815096779,2.9790535562406246
0.9068362771560536,1.6319872885829976,2.545686049410259,4.405972887748211
1.378697878800999,2.4767330842817774,2.991901557464488,3.1662053717697063
0.858984314756511,2.0338080018996236,2.9144571298680124,4.1381649914495915
1.3124458308275555,1.8425320378364949,3.142361397286631,3.279995141078677
0.5340131088929825,1.1889588434007234,3.5903979590614745,4.262073740261364
1.077615908978672,2.0946783984964705,3.2971480133887447,4.4705630789950845
0.6631358659861832,2.1179302434174603,2.794527817394467,4.98569680478209
1.1765892014189772,2.6385121111488674,2.9615452374750957,3.7719449632918174
1.0504722955579486,1.9175919151971466,2.31457910828364,4.884575260896767
0.8179784295672221,2.177703068237581,3.5252839881066977,3.7578277875897266
1.4615062495102658,1.9091316949616233,3.2981027728684262,4.403277076181949
0.6526527367986121,2.2920846209790455,2.4185535828542344,2.8313218274624146
1.2409886087050943,2.2277086419808882,2.296756873236925,4.790221991938166
0.7324757722072427,1.2704035130949312,3.863572695629957,4.602138738268412
1.1616359098124833,3.244805355339226,3.023812621102074,5.099159322567227
1.103362209824557,2.3001668577226457,3.0110209334344664,4.192573422846749
1.2732144857700727,2.267102139328061,2.7537968362085294,4.118066625247425
1.1061536987852698,2.4849128100107007,2.9672462498988756,3.6510955556069815
1.7104099013910763,1.3629076810678535,3.534631915989568,3.944527433795119
1.1418536403653876,1.568718159889865,2.3282685898168753,3.754248889377761
1.4933195300125752,1.9501708409223906,2.3953659997817773,4.105154316392893
0.9440739086713719,2.35057202539204,3.4205943958959977,3.3893271893843346
0.7837098331131523,2.042356525851148,2.515579766200666,4.406043424875374
0.36180537464509777,2.2658355904463323,2.757429063571638,3.585697701936263
0.9139557505005977,1.7908376531833303,3.8810437713581605,3.9928645116813555
0.8865992337717804,1.587102706614305,3.165993783159618,3.979322167822483
1.035622774975507,2.1799875232303396,3.2109336606007153,3.723791056306065
1.2750935012612439,2.7882405793232747,4.2318263413914154,3.926400240858814
0.781230106133115,1.764461638896637,2.112033223993748,4.030642447223446
0.7759321175387057,2.1286044410876936,3.3160878343170497,4.013373411150717
1.3413933517546632,2.2485512822557556,2.547728443594649,4.076016713477414
1.1762611928421158,2.0236030389904043,3.110670145296479,4.169666037119619
1.2769487032532973,2.130112580565403,2.9034067876513365,4.180935840782646
0.9146282807654956,1.4789631251147783,2.747157244143866,4.2610085953130294
0.8081838614787391,1.939126792485098,3.4341735919119754,4.184506549404774
1.3297522967333442,2.183531403636307,2.49544836257225,5.170173590273102
1.0589594008300756,2.103432645998349,4.048019206424247,4.4705672964406205
0.6040447350677518,2.4721276032566273,2.8762417126782043,4.301003167009497
0.9982767480330834,2.13589408327865,4.237966306228932,4.352157874934357
1.4052469157310836,2.478335147310273,2.562205670915541,3.863367699694241
0.9464058058193417,1.7367347282795427,3.443341504181628,4.514425776714021
0.8092354616064821,1.5007530815444916,2.7133839459822413,3.588140947377419
0.6450476204167421,2.0722660254628504,1.89163358555767,3.074228456466258
1.1369581503858963,2.3289294645945113,2.926037045733033,4.783679573895346
1.0482239518420666,1.4945914482850273,2.984145385855948,3.1323387564533816
1.2348730799434882,2.0646929977001274,3.558243637924765,5.179269478608809
0.6886226758879936,2.0800613815433646,3.326371107138805,4.277354450765008
1.415338615293443,2.417090769664528,3.4612823808628193,4.456066550273699
0.9281500097925474,2.186540980504699,2.476976973791878,4.207182227098838
1.17691348865554,1.8829318030629179,3.022628892964048,3.6190624605601385
0.9758612155005576,1.4592188415850151,3.145620618066115,4.057610435075555
1.1264872023083519,1.5127210014395853,2.480677308984155,3.4848974375932227
0.8064997377377476,1.9943914060596044,2.34430978924087,3.0255783938512852
0.46333539325734485,1.6967763018445927,2.700998202391707,4.878266864891128
0.9319001715286779,2.0926805647164826,3.4861134155718716,5.212312132788727
0.5565833166397292,1.3288530958808733,2.481911148879513,4.126325420982898
1.5278140634491557,2.0335393563887796,2.8972359106332033,4.324851987924382
1.20142494106706,2.03251386137368,3.4961923212343886,4.3298875159141845
1.1449952905257659,1.7805402428247648,2.950602393041038,4.385736819274889
0.9226642009727586,1.9989278707017877,2.8238781650123217,4.46069632878062
1.757813286631195,1.7564717033766402,3.2939886443067348,4.947143210358412
1.6664700333941123,2.5892451113090895,3.9144303814460915,3.903951154384097
0.13970404738230835,2.389094425488296,2.7308923821052975,4.357149139231066
1.5779723319544883,2.2569030707596416,3.122715563390986,4.317831124705645
0.7645278740571144,2.18355309117941,3.560597734861812,4.380321764981474
1.175298445371318,2.2267724235433954,4.306729458266165,3.967301898307271
1.0519781958721783,2.5609030881305688,2.9064507760846388,3.904179733898454
1.1428132669174744,1.9220971332550016,2.808622178513051,2.9217963005802523
1.4384552053577133,1.9649265109518415,3.445629301899953,4.005177530352349
0.9801788458474903,1.2993297807878634,3.7009989766137186,4.396874034724317
1.2507253872350275,2.168533746071495,3.1908324155190417,4.128711011027478
0.9916480877457035,1.8733950229430532,2.0678593069660085,3.807859886597587
0.9174817414362963,1.9203892375123754,3.130080429108179,4.549833557416722
1.0384816998641369,2.814530199714129,3.8061418338793724,4.969228181289506
1.5495891778221422,2.013294466770233,3.0157773494078075,5.120580093633866
0.7774892404950041,2.443061753358475,3.487101246239538,2.383182928194934
1.1712645855209138,2.2636457226498132,2.116345418287408,5.0748949194644535
0.9114256162718467,2.061633107570128,3.5334144699035197,3.884873647428292
0.14211603035440046,1.253433532378176,2.755158267018711,3.1312380955848687
0.997132483644748,2.8501304265930547,3.3857396956685117,3.346200404231948
1.3152119226717562,1.8584721948945897,3.4853908283885615,4.513437401091814
0.12420563964192988,1.0530662215990216,2.4024033123156823,3.408812594430873
1.0133211399147837,2.389689505230359,4.11459978083829,4.6872696467123545
0.7062825401402437,1.7755698717856416,2.925091457728702,2.972173516018217
1.0397737352018241,1.727853527567936,2.5999816801632742,3.533111959136871
1.414146317956758,2.152658335868246,2.879766932828144,4.581089374921732
0.537860669138097,1.950000284358361,3.9106006795994492,4.329751924159774
1.5356985998528563,1.7725696487695048,3.527670055652046,4.150094168223719
0.43532922536571117,1.6248883639078568,2.237277097618393,3.7300567822881034
0.759110660152704,1.3579849254319216,2.736791604249079,3.7929612895373874
0.8586821557375374,1.5700549112799798,3.0749087108850968,4.297787513190777
0.6248462574078105,2.0640443639133004,2.6516622183311718,4.555456137080524
0.5882005225559446,1.7143293795397558,2.0711378128826516,3.6056540253344807
1.3547699114895129,2.4062130677516542,3.466712491602237,3.8808642984691026
1.1278789491717998,2.2726250287772882,3.3498887894407763,3.4137679281259548
1.748865528501676,1.5295324502737393,3.554703032744611,4.322235608680077
1.1946663952292702,1.9807930010288939,3.9243503335520127,4.679081044765505
1.3843190168814536,1.905825510315227,3.570684717076593,3.9726721400732714
1.1210242088344666,1.8614915578449607,3.358157960407956,4.225644402884031
1.207492649079166,2.738237299195651,3.4167483844722257,3.7495102796617106
0.7816600086071117,1.6080558299222494,3.0429428285150415,4.825820620654295
1.1883091092997153,2.713391840538447,2.7425602707518757,3.835117303756763
0.5802080713607846,1.6437517789715326,3.687077152863682,4.300599010392763
0.832762539942859,2.245617700437739,2.7771238928091107,4.09934630546215
0.8739760795664074,2.1321445561921073,3.061203828808731,3.3310511926055626
1.4423001926974437,2.0578513280800568,3.4179586661810806,3.62815962166552
1.5121768038224703,2.2560900887577766,3.308966817004452,4.388781146363067
0.7899789376738646,2.500139899463009,3.102330901671546,4.379384418862625
1.2184161224876067,2.876471993468494,3.1357596815177695,3.6309148873065733
1.2061850583272582,2.009706578120048,3.6970976244920077,4.218373500122478
0.4938434094276649,1.594452203193984,2.720394657413967,4.49754472285938
0.8786435390587158,2.4689664785963332,3.0337935576695623,3.8451294270618797
0.6782118948431013,2.5774673003781414,2.4292892663639374,4.060074202807637
1.5702292049977615,2.436425787772911,3.0127959602764474,4.972957786010008
1.3762984903649407,2.271921941324377,2.1981343619746907,4.0278449279117465
1.850229124439981,2.5878028299878575,3.2681063787043545,3.628871378746527
1.1702691672133343,2.5377656909330133,3.391870616466302,4.539874273653728
1.1955863937419549,2.2346225432225926,4.005777058132078,4.697229882782724
1.2630939870266782,2.3561276664538484,2.846900835475162,4.212981144071408
1.2996417330210748,1.3488318000364732,2.9321028303258356,4.19251624316756
1.4626416005290455,2.2625710927847815,2.547183934773201,3.9896162151864885
1.421316793926821,2.617275008957531,2.9332251683592685,3.311022537800085
0.7311030045805424,2.7371912220979926,3.611022012706891,4.8125352325182735
0.9119022262266526,1.4144552942527513,3.4125046469470006,3.1123529810423523
0.8973212276078928,1.9671122087033694,2.218405687227088,2.6654646665003794
0.9503106548464226,2.5609333454391354,3.2496977285231035,4.227438069084102
1.4105740943701086,2.6241522431898314,3.0577311477402658,5.105431674672037
0.8843030901619262,1.778719793425219,3.3040853892259574,4.834639486597498
1.3964393760552352,2.7629898538121322,2.804906211876025,5.163521088341505
1.353064517756878,2.168287459256033,3.2139617865111725,4.6232571720701
1.6269271082624321,1.8092216538345147,2.5525371743490584,5.1322296895404715
1.2923298950112634,1.6502171452504777,2.86474903430103,3.8186685972909933
1.0179653711458507,1.3551421906950223,3.321889913751404,4.554745809574021
0.8755802279165891,2.6238009217350955,2.654041896983279,3.485291811269292
0.9740167310146371,2.517816849243445,2.6910545765964096,4.08936514650762
0.9805816878537013,1.9856127509279349,3.7758037305407637,3.424228497036502
1.1322458205246129,2.1942013409605425,2.5985617826426215,4.348320764756633
1.285474357278701,2.2101612451201103,3.3112235160969417,3.0405500895964135
1.7362788833544311,2.6182323147739983,4.227218232304885,4.230182422301093
1.081330827429663,1.2290982815108067,2.034232604086949,3.8290912793462133
0.6236175743676081,1.5793252293234847,2.1217438324809867,3.20818807894432
0.9893015854570302,2.438974991240787,2.6647910250775606,3.4841461999939716
1.4475161984384104,1.4792701135828656,3.5237533213944174,3.9376698133875307
1.175967054846213,1.9470782534215592,3.0664935288344055,3.952885978809399
1.3692342754908573,2.2634083071517708,3.4764643424847272,4.7510185151240245
1.5704559337152728,2.022801732770184,4.1093435903651745,4.530169193245591
1.2091563430539554,2.627018321962391,3.462555049686232,3.3966226181143275
0.8515713894362109,2.691331779215084,2.661952280614504,4.042889388278442
1.59283015837438,1.9612795800908265,2.834243339975,3.9011077028571655
0.9417776229380046,2.477012214957342,3.571173151674366,4.021522869753256
0.3479757738560938,1.2152970448932636,1.2518442566886017,2.3950839027760433
1.031572810778213,1.161580749195271,3.2308318957248146,3.9568856978055233
0.7132042411817056,2.204108003446868,3.7163315886133264,4.126766638146634
0.45892581630073614,1.2177562226907992,3.226437214823652,3.1999979340806695
1.0752498049722239,1.6442146800971598,3.730924164201139,3.3232772031657274
1.0375129296105046,1.4194273729716271,2.474605835743561,3.5623343543098995
0.8943939685934119,1.7698886777253091,3.3942183860680086,4.09500597560184
1.0015098847984907,2.4659623958879657,3.186935270668065,4.660149040095293
0.94927358718099,2.5083375826164778,2.5529274277444807,4.434435611485095
1.4501556200649484,2.4155183511534175,3.9410717662207713,4.929550772132768
1.3702740584527817,2.0658038954202445,2.8476297735733853,3.4866029789462334
1.0407611969593151,1.8292942422971468,2.6002890424166347,3.7640260276435358
1.18490852780068,1.8379343084186102,2.375469729801274,3.7998270891570587
1.6202793752039026,1.1954437543757803,2.7361797723534487,4.552867164469294
0.7430714273927251,1.411280867202592,2.5052437451421783,4.439333363361076
1.1340475920269943,2.479673885870262,2.8948152746614415,3.7397370318446264
1.1616093348808927,1.7359022683593737,2.8048669222797553,3.955905314688001
0.8868472442259759,2.8031063416295807,2.4493009514344575,4.384347024250913
1.334365438776571,2.0034283896631155,2.9235158218948567,4.885208869630156
0.931077644904396,2.921666537482426,2.8766272367563053,4.362140111918024
1.2744293610840647,2.7488314984090265,2.9896411026728607,4.220438273443508
1.1636327066870686,2.193180721458017,3.0687146337618776,4.076468793198146
0.9036156403979316,2.002872307570987,3.2844713170898316,4.549403824256289
0.9745267676335031,2.2631341849449904,2.833828325085094,3.590540073718951
1.3891987983549412,2.4960474136759982,4.272863218997757,3.6544339103396757
0.6147998376249957,1.551266212247571,3.2258210868222665,3.3494470569675006
1.027770171316475,1.629606613017672,2.754336218574177,2.55804767500258
1.123077009154768,1.942792270458379,1.56008808118562,4.314677079605856
0.7220910487467511,1.8941648007240595,2.6786350619081367,3.3646594926347255
0.9503413533981155,2.0010259447837,2.909289724302668,3.2635597794501305
1.0208803727879479,2.4791434906704843,3.2666650345933816,4.901972082254112
0.740020158746401,1.7357898842556843,3.391821833737846,4.047376451593644
1.0283850656649158,2.1452115010811434,2.827900175396584,4.979435139099957
0.5698545897174343,1.902753028744256,3.25052509390153,4.882502162512263
1.3526755167536957,2.4778924876814576,3.248470770268809,3.9416361902124204
0.8254073236307309,1.788711980225186,3.0506811575970723,4.003608887308236
1.1306301343754035,2.707615980178113,2.578252717657585,4.0878315267732965
1.3446124580694498,2.114103161590354,4.237366237527874,4.832118487161345
1.1100642485718006,2.026128691824089,2.6659882400465804,4.469764394134581
1.1201693151685128,2.0089060726757406,2.4036859473428684,3.965571449221992
0.7300962638458068,1.62596804708539,2.5816483016979896,3.5965425160399085
1.064909077053643,2.0443602935532987,3.0649272094335984,4.760204007530824
0.8587929410957182,2.127222960335712,2.5691782142942716,3.2286828226900064
0.44450138382838456,1.6378180736642418,3.5196138987240655,3.3944706533253126
1.322027250572932,2.4723619873621745,3.362796458260204,4.365711016019093
0.71724255693302,1.943972657018869,2.2604021299295582,3.3156871078400947
1.3921131768204131,2.0673295388146227,4.471226077969785,5.043908522491729
1.3138876123153325,1.9589146247897327,3.2056169181450493,3.5282744880209105
0.844926796355045,1.932520370332958,2.9926077966437226,3.9324737285552045
1.167803640658146,1.023717474059306,3.1992339920606927,4.087635082834298
1.4675690927114786,2.1234802386620166,3.2401775134796185,4.318835968065823
1.5723615184651814,2.5648879925361765,4.314037420290465,3.8169689347261206
0.38792803857256186,1.3706363616421056,2.298571402742685,2.773236795039952
1.3959015037540112,1.5000925772421616,2.686853189715143,4.226221326279518
0.9627907702047409,2.3424896363902814,2.9769431983841304,3.82441130668734
1.4988177338681803,2.1462880736263505,3.4744532790832614,5.4027787946327885
0.8903382356273385,2.4595476409583092,3.051802557261125,3.605866445727745
0.8082726708678409,1.9089236011011546,2.732982616234881,3.2667815201237147
1.0284484208526554,2.2889824367765295,3.8900003158250107,4.108351279972647
0.6724805492188093,2.1776869478231613,3.4661120428026426,3.962336499714886
0.8562021981201913,2.5463987252657097,2.618684518297193,4.650160475963519
1.1643667094933137,1.9747264302828569,3.616617046321703,4.01452829599718
0.6250872601149502,2.3247249128918286,2.375139333407515,2.5929843067178817
0.9613465514286696,1.7529839976211172,3.081791900412307,3.168232443215838
1.5328662271268245,2.4878384567424066,2.9737561120896285,4.254382927604096
0.9993606056694275,1.7660082701560231,4.20062736168266,3.5873649513446386
0.944739950260578,2.0503629812354,2.620300696137278,4.461803447453799
1.5759040855897402,2.0651182080136157,3.0066496627696533,5.194444203170935
1.6970881037472276,1.7444900179014717,2.972165994415031,4.283768098601021
1.3555969584440055,2.3405222228185503,3.228054403155867,4.873879356148067
0.5564880247934999,2.233159934215241,2.1067421085757125,3.5408514991212066
0.8344444531228506,1.6405899757272848,2.730538537940674,3.0655156807475463
1.3827763668930226,1.871952243282348,3.235562364338991,3.3388024799317715
1.1718450425532438,0.972222997389969,2.785619753114395,4.976408131793969
0.8204776478783581,1.8389395411399385,2.537775509741517,2.7843946204891035
0.6356804107446312,2.055697103676125,2.169587819210486,3.478967985360884
1.1334762840275734,2.2089591299443345,1.95315280586001,4.982553951391962
1.864407541428327,2.286102156406792,2.0399434458431718,4.05825779548247
0.5135734011570505,2.610807020360814,3.895414912068988,3.735758796182549
0.9748870143647551,2.1777724570807266,2.5988814883617835,3.662177781064754
0.4697391416886382,2.264748465029318,3.0096332099876415,3.8118783864626007
1.2385641710002486,1.8221788355153914,3.1973752940506803,4.098493850217591
1.4632150411362252,1.826862338838521,2.908996581126709,2.5476474256767485
0.7931137878687657,1.4875120376190871,2.710101430596873,4.072180597710089
0.7241666267495328,2.310447664544607,2.9439633184647302,5.008294454459082
0.5420188931705239,2.183233719541811,3.481176164203723,4.742799982144769
0.5425229907555315,1.6138904238030491,2.704738260629087,4.112441099967727
0.9566092713895835,1.0459143474546253,2.9469359790104206,4.447729265597442
1.1409596348632502,1.5497650898291406,3.6611844877289,4.989514658797677
0.886852739107031,2.1055836351726542,3.8810266488183034,4.132232982944531
0.8146094778860076,2.046857136199276,3.445001617104677,4.439898397026091
1.0640436956258168,1.714129708378872,1.2488619247766726,5.048928537333495
0.6384479657968325,1.8026491140785117,2.2426523073971594,4.305387549347745
1.27256528236328,1.7796597694357636,3.909327357945272,3.446118632422048
0.6540640467304929,2.1616025656042215,2.154499799696109,4.095110657199081
1.2642960983513296,1.6418012592166893,3.5165004596660583,4.315710070169765
0.8410835999188639,2.0530578606786545,2.6116159885006245,4.022931286106633
0.7838230269906544,1.8746291089669591,3.3754599248203103,4.586098142584341
1.3728871124490278,1.7623493028960018,2.466336025660997,5.025867456915632
1.4313790029773672,1.5849184895077273,1.720945905619921,4.361753825212392
0.45883451945357256,1.914233414774391,3.994410319443399,3.414231003750138
1.0642304006046108,1.602873466338776,3.1637323491247025,3.8209134159633233
0.8762217714672603,2.738694815436883,3.912716525173222,3.375033378755587
0.5069558218183916,1.7439807559441205,2.1087480660120717,2.8611466392431346
0.8581377618057924,1.9236810988670372,2.8771088052635947,3.0146991593529857
1.1016203919265064,1.9515846140674695,2.442800603894945,3.6073258961969272
1.8457976763480115,1.73005434986215,3.1082885612403772,4.564303292368559
1.1939873361518953,2.3817214086379095,2.7080079905844006,4.1589620048013405
1.0892316344359008,1.4743445110206976,1.6015677128725705,3.3996353602396225
1.0340015078873022,1.7920313638608216,2.9120730209812646,3.8408507103145126
1.239631953444401,2.3433517941479853,3.799284006247829,3.4606633301191048
0.7322342306190894,2.4159956770394695,2.491290298768873,3.8943061931719125
1.1365495707053743,2.2700639280550448,2.9448376022086062,5.452941996535145
0.8866959844956797,1.5966119046948903,2.9112574402347726,3.595995490619375
0.8972863273366629,2.3914995654238913,2.7037302749883794,3.842020934381533
0.9818249831296233,2.1496196188510597,3.189986697243904,3.6341877671017175
0.9716042779378473,1.4473867535146798,2.488443457815016,4.417905370651143
1.4144271378762459,1.8434373721639028,2.9073605307661445,3.919103710015832
0.875617976622971,1.5557308392613987,2.95157718756826,3.975634419603962
0.5538107589531578,1.216517397428869,3.6272927507995787,4.417337979731863
1.3819613964000335,2.4713505514473773,2.500327226970252,3.859439699872571
0.9168935018657492,2.2474287624933997,2.6640858708928845,3.614699244311955
0.9067202063073896,1.774775634985558,2.858022766584035,3.498656634083967
1.1079388583510783,1.8096147677780396,3.410519938595632,4.76944567002523
0.7079560645301384,2.1407980440448178,3.6025197539633598,4.263946820355734
1.0952898450778488,1.607038337823114,4.361637876001367,3.462989423555986
0.8759310914654959,2.183798338473272,2.9018901839914086,3.6998131436234925
1.401109790232775,2.664116588900945,3.4057981376759803,3.390194767986391
0.6328892322793332,2.0098740552130567,3.6205135662642,3.6107578035720684
1.1315228514590598,2.365590259065363,3.753781604767017,3.9632622135242634
1.15355612879662,1.2937691938619573,3.0803213702902976,4.593092687327845
0.854260415608087,2.1925302922286445,2.357036161703066,3.5475932416066613
1.0102902381247294,1.8741035489982045,3.131715557001414,2.7697657097245956
0.8021402043267896,1.5411310456382274,2.717490387146411,4.136409889178395
1.268784506563385,1.6819795391388923,3.6291690724893977,4.580155431762462
0.7987815268784066,2.212365428627485,2.137964660530001,3.928634464116115
1.0631417719426355,1.4628440503469813,2.4085707427001264,3.1256908680808584
0.8416292598944642,1.9522047741620356,2.3227711684739294,3.5107679506936664
1.5835359843375203,1.1254585968792994,3.1137369957566206,3.019430498679171
0.9832853935857373,2.3605439611811416,3.9832625602024816,4.423732613216864
1.0213138637497152,2.8460523134923803,2.8978920558973416,4.141055297345231
0.5844928726604585,1.9670625514342122,2.124153097945168,3.4480981205513768
0.7243128105161134,1.5642418445740796,2.5596839234989694,4.353777471609802
1.0159458483719748,2.666799219825201,2.717981662840566,4.429013732802581
0.29199509260317236,1.6281147947017656,3.2251226995782702,3.6479504272627548
0.5111381516566147,1.3854446474210156,3.2536970011318394,3.13685334488898
0.9213245058021236,2.1322099883193038,2.729886918108686,3.900468877734158
0.8947929311132268,2.080463353598241,3.1608808770153716,3.4837574999297796
1.138242445081949,1.7382343194230143,3.2023827236460196,3.5002558784184297
1.009310752204635,1.3526115348203818,2.9825240636510206,4.165049801157154
0.9820675820239091,1.970243495826076,3.7007089009885017,4.20989322216312
1.091801806996561,2.229527739852958,3.304765560344422,3.397209773030167
1.251530531565793,2.2257788876040925,2.9134536276373355,4.506062259580692
1.0707696751901985,2.170999879061587,2.6035660239672977,3.8110603474024565
1.0390619224463489,1.6976632380333472,2.1509984782273133,4.352636231986381
0.8789533894104511,2.512090922815261,3.313397779270075,3.4861822581406536
1.222334313070186,2.2913917055806814,2.7591542119402908,2.780492238855933
0.9858688370582754,1.9781011622132443,2.2645263600413585,4.468160973348729
1.6733217874921162,1.456998910203527,3.239905153281762,5.609182859054319
1.4743647982445172,1.5095464911722671,2.4392331231116304,3.7554270501093017
0.8842348736922278,1.5254860728738753,2.3572045701568163,3.222709150477172
1.064394903658358,1.543959330878278,2.863007026057578,3.6235089298640255
1.365468441390262,2.0136905904983826,3.119503018985909,4.4698433547286225
0.34933463435495316,1.1226483708888797,3.3480575006079016,2.843917472082202
1.3471367191827115,1.8668675767485496,4.106216378551677,3.5934424221030126
0.28953529946605927,1.4026785937831239,2.1355167416042136,2.893836363945404
1.5116627624367243,1.825247356064211,3.808237835628391,4.65021352276222
1.3640686749383948,2.3060173366530936,3.4102446419644177,4.071203562379499
0.5268681186076292,2.1527310535342123,3.0816388250827846,4.518859044247956
1.1265895649344313,2.1158279832997158,2.6736274445926997,5.013017991740828
1.1669271271714377,2.2745062352251044,3.5040946432327886,5.731474168605034
1.178581760797133,2.381538885929827,3.174576047591436,5.272592724763547
0.9893120237044348,2.1294440243782398,3.0632444297768404,4.218941915029646
0.4654512089288242,1.7467757293238684,3.251227074736346,3.353782588761441
0.9190305472626312,2.6100684544761847,2.594326147544739,3.2562135204460785
1.1239056052138836,2.5165569095687568,3.6172804710453423,4.176704958413521
0.8616240128713992,1.7257754235325362,2.563970074503555,3.964346421162108
0.9827190031726694,2.064100877555923,3.7263981921547518,4.076187486356087
1.6496874970446949,2.6015075733105992,3.1251084040393953,3.873116576782651
0.8256499301174351,1.4596366850269815,3.5518307410984438,4.13655191322876
0.7486837259740873,1.9797781042180305,3.3377855975284545,3.7743720752809393
0.6048840428506421,1.9349351419422471,2.4799858925519667,3.1219282441398493
1.025625129687997,2.7263842853408984,3.5422061169206454,4.552795648482333
0.52284334933704,2.1142549829165875,2.835838770853641,3.220234099809024
0.08424154273749396,2.476905590455692,2.736575280498483,2.920850578988164
0.5113918135620317,1.493373836010741,1.9426952119984373,2.077342625201177
1.0495539369224691,1.9413160395995896,3.0755288737760806,3.9139560171633456
1.1081009415525191,2.200152986889302,3.0904347307374818,4.092391628521613
1.6391106564658657,1.8628376105982836,4.112623173344923,3.0915452676940687
1.2112920325310692,1.5376166858971192,3.388671066375263,4.685097383350591
0.8532433552776337,1.546300781970068,3.440727048367463,4.309302391378841
1.8150128394471388,2.9002437777703265,2.989772268278464,3.3290585582982786
1.3335093436341219,2.6541530021728055,2.8994239041346916,5.036083297364904
0.6197411287547262,1.9026130124356184,3.668309626157702,2.2746640842027404
1.0465340596216985,1.5624721405930546,2.8948100121046307,4.67777972465976
0.6883001508339462,1.780771980969845,2.7779782090040865,3.70846978759151
0.8443750547649631,2.4299825686007535,3.0491474748430036,3.671086245863746
1.283475484594284,2.3451255254736396,3.5049054978331076,5.073912325694449
0.44402164683563394,2.1669159117161136,2.45863416499478,3.153992222777519
1.1337141758767675,1.550534441121983,2.8471923140710333,4.848914796107463
1.2870694851230895,2.4368699946093493,2.5801509795259463,4.513974891801928
1.1324500211236743,1.9188758996282151,3.312589378586944,4.236341046087345
0.8100280585865298,2.260782550517514,3.5786209350543317,3.494064507989066
1.3953704037931183,1.990213971613894,3.3867068649823864,4.933811902971623
0.9112725592508777,1.7087392843716411,2.2441273545872993,4.820003031975833
0.6344204190268552,1.388895193666984,2.7716469759344493,3.4927688886817485
0.34049947158716454,2.0112514628111833,2.944952363860586,4.45789374180592
0.2584479972428356,1.2883725320208261,2.311868985623459,4.156964847520583
0.7209247316420719,1.5705143776519086,2.3948841720735228,4.230875908488365
0.8943075861984213,1.7046688482543426,2.736833211010196,4.400628701689026
1.0015095737581599,1.3405781535294303,3.130816891616259,4.00403196371001
1.0470627850251948,1.980568458112662,3.632424708560254,4.807439796635402
0.7688801132648897,1.8559976144963335,3.1572006909936143,4.318688795445008
0.873235901392841,1.9599517015414865,3.12063399343675,3.6299774475066084
1.1343495665052408,2.0794879577813994,3.026838103122676,3.521433982764731
1.1061877315149127,2.1468872881116985,3.742700589244427,4.469281327195111
0.45135773063184315,2.1430191462891037,1.6581016846749659,3.073880431897039
1.147435991810331,1.765954089050787,3.357938471926017,3.801184858781215
1.5045370442048842,2.4849660511970075,3.331066118117017,2.5016214785815936
1.3272072974546938,2.1969441537921033,2.999458499094098,3.655392293526433
0.7833728576933218,2.4786986141925285,2.6629664893790834,3.6876235700886495
0.8981981682376414,1.9425344948925019,2.1164147547259153,3.97979823890677
1.1390040983579908,3.136845824694313,3.2245657276250084,4.348683405266955
0.7051768423232234,2.1020720999436913,2.297211217841646,2.803534975633383
0.500015835795401,1.5850445173491705,2.4294716447098317,3.437507348695162
0.8884151879925125,1.5218303340867192,3.0120319664709756,3.071826484034483
1.209698372960654,1.89064040329619,2.499691070345648,3.8079335242432784
1.2938286086879924,1.717599722109123,2.4420354358884815,4.032993590554066
0.6742936354828434,1.3989782712919703,1.9487656893197869,3.1660016930270833
1.3341344379575446,2.117115532009147,2.638329203296108,4.211075847885974
1.0942623699306369,2.1189954796888313,2.606888125984354,3.9999852891048433
0.7108133368128756,2.691142323032882,3.349379306779323,3.965745337410518
0.9492348408165004,2.020834818427914,2.3409048553053196,4.482225397421073
1.3819825543029478,2.592782152766932,3.6650130594133445,4.204291803428103
1.0323341222938562,1.9591400539289177,3.4859002572890514,3.4134724996950023
0.34656267615232494,1.5959766436453129,1.843165785163992,2.7636929897372746
1.8126829767863102,1.8686291572967209,3.3343239191339915,3.563289660046331
1.2142582061811416,1.540866992266233,3.3897718884388826,3.5002001317740064
0.23165810195589154,1.7815572968141042,2.834143336140377,4.485594865469041
1.1800131989922773,2.7943006839669358,3.304772802210213,4.073810183588212
0.9535257618754985,2.273251689473455,3.302672542463646,4.62032367599439
0.9568617786255035,2.161212245455594,3.437764705965102,4.111464630251885
1.4835950587955704,2.42113922545554,3.5116018533908853,4.194199538787779
1.3170794167713902,1.9316691748664414,2.942871922381557,4.172618650973803
1.2337410320767117,3.51439024976967,2.7813241650506346,4.568969928874097
1.5809705438970356,1.897261279910072,2.9208426433191943,3.865380534696112
1.0344904234538665,2.380786301337139,3.253351251693234,5.021897630804872
0.5742460781618024,1.657269319087995,3.3443424494235643,3.5179285838183367
0.9142300722474952,1.4766683067424995,2.6301800502318464,5.140751152781248
0.7736183142278044,2.601632314961442,3.223161491709246,3.9411157327172672
0.9961727953825634,1.9462479283637,4.052689376705597,2.5823858812547886
0.5375174244062696,1.9895346892550951,2.131930065789106,3.8622997623481474
0.585853762811191,2.1311478175370304,2.6725479332773334,4.786842633489421
0.44479461027769684,1.337536937805441,2.9121403999293243,3.2577920196711148
1.4868866053430643,1.9726467807632737,3.635308260502964,3.931875983846749
1.0173385318228365,1.9766265183038039,2.6230550097220466,4.9047186240773755
1.179177354938673,1.6637048816144542,4.352067814039839,4.195487195718092
1.035560775346319,2.008888743601337,3.190834297981708,2.979200924438846
1.7242230832046757,0.9765357296374473,2.832196223618821,4.854867994653649
1.2631288071417834,1.8878070104369995,2.8797160120622234,5.612015345873324
1.0430076920249405,1.603110005168124,2.447338727390165,3.831846085123718
1.3808347984543063,1.8859827166289513,3.3969956074595755,4.320014593231734
1.0466309335112007,2.438886443835525,2.726533359451025,3.85020940867505
0.6750895946020908,1.0666348796738887,2.804131515810556,3.771958474591337
0.4291461468358516,1.304246883732329,2.471054685866853,3.1520968960892097
1.5690583415366766,2.3334829612253873,3.0094613092742692,5.498330642266113
1.1369790607654968,2.0324090064601275,3.2079833215232423,3.3120785541202546
1.2352920459812058,1.927877461946377,3.080348214698141,4.066119993616195
0.8362128344689055,2.7038675146994238,3.128024464921995,4.106830741591178
0.8915052778311588,1.621745506157387,3.9998128543909908,4.840741979647712
0.7360500518116475,1.3090019806092932,1.5378795963231502,3.0848198135752374
0.43854641738183797,1.6515140710543061,2.391744221723738,4.1716358438714
0.8963480981136366,1.9777747152017213,3.4043946548369526,3.03960721060553
1.2651421569792327,2.504623497475901,2.903187596499752,5.4164756972072094
0.24931592131446556,2.020953214096933,2.3872662223514878,4.390136117528657
0.6498511801619352,2.3396656975576318,2.8147662308581793,3.7093208775027726
0.8704400453041041,2.507567576506388,2.677735932845954,4.125446784250109
1.454343613103121,1.7847145133902338,3.713005505715363,4.565406872179942
0.5641302551331547,1.7731564691097623,2.9825394767185665,5.180155669131683
0.3331906922771347,1.4504964661037,3.1799466485477175,3.8192961400505854
0.8331468489531733,1.9490962162433356,2.6338937139050627,3.71935033615457
0.9781025908511279,1.962225735855256,2.991487158223988,4.338483276167001
1.4146636237958632,2.3237930336420654,2.7773544384415016,4.244730803061044
0.7742829314237951,2.4511673560333023,2.480435449304654,3.217376549684389
1.0335176124505614,2.0246181076735867,2.522648180006574,4.024438013491399
0.8387701707572077,2.083086952921584,3.1744489186747504,4.15806451036324
0.9906725551152042,2.0287636699216014,3.161771009938057,5.001497607995525
1.2458332147384659,2.0287621200760753,2.236392150998083,4.1295804649848655
0.8558643031143857,2.3937014424564014,3.6130971604353195,3.8612884186470664
0.8101949340787293,2.3366457743105533,1.8791964405517032,2.952338527604014
0.3994235899248113,1.6971461902640268,3.1223280864453034,3.457487782407056
0.9988576015989841,2.17890695692997,3.2212816262501933,3.3887822418078906
0.8771006962406687,1.3616172350970421,2.9843160817402508,3.8362153537049486
1.0499369253551258,2.008893051817166,3.0957781098086423,4.102201693279789
1.0771416232440312,2.372469712881508,3.2598689833334604,3.4865262357772666
0.6666479403393886,1.3557321106865698,2.4906807258417167,3.4284292633078532
1.1401158692883666,1.5804952639975633,2.862229735164288,4.681017060872975
1.3095226442862367,2.232315512855508,2.986149611315784,4.518166162423466
0.42520469737209865,2.0034258335853625,3.42556869313058,3.994309381410251
1.294236081840757,2.1737956702506898,2.4909286003853714,4.060089047049305
0.8484654301791851,1.7882155156761248,2.948979300950603,4.9373112077457675
1.2284215012774504,1.235298235878815,2.8705442297636488,4.052454870740356
0.7527734979984224,1.0307003528507708,2.921437215141508,3.7093931852097186
0.4933779090093474,1.9371273817862127,3.6449705651238915,4.787494476551181
1.1741395603206732,2.2687762181901356,3.3837003302397037,4.6574975363245965
1.525842643814082,1.4735791484732954,3.3993235465179104,3.966404904736828
1.007358300970023,2.1138839834835337,3.138822495270383,4.252563493847413
0.6858719766864303,2.246120080147685,2.2722151455327135,4.135693805295665
0.7891474054549558,1.9267089183570503,3.28361732216924,4.1851910555640055
0.8444524083442216,1.987402883260974,2.5940746138503035,5.363339089121
0.1782341263510251,1.2693074030559135,2.403848464351272,3.396036794859561
1.4116988083800925,2.0224192134341266,3.306127318176034,3.6851474489233067
1.2990710071153286,2.478730872766163,2.6234406952999896,3.8866686809683837
1.0114183966296422,2.058640214152574,2.5396720846726675,4.529451613906247
0.7761471688792745,2.6467380942047725,2.3492086641316168,4.04643716672012
0.841939309163871,2.1691263803635934,2.9209579541066377,3.419211551871139
0.9244127515270284,1.691415600226275,3.0189649923216204,4.0995614267331755
0.5618245173535277,1.9394917860086593,3.5380065788597497,3.442376730097173
1.0539665628506356,1.9287672172398551,3.80552976850079,4.27366690427681
1.2419364905904882,2.466748490442103,2.8421953794611494,4.685397571735004
0.8691372503272461,1.9095532605453296,2.583245516787649,4.259165794372608
0.956593831705997,1.589329773351544,3.0418230944191462,3.3509125444794647
1.002307669023026,2.419727446134577,2.021120383026788,3.12698530881939
1.4400862630351896,1.5447225962314377,2.2680517130390254,2.714351682622734
0.9998588018319077,1.4461048811000947,3.679437421134102,4.501015530052471
0.30786022156523074,1.523149514752999,2.21220978464697,3.449366441844317
1.235535149076341,1.7239356599447213,2.454472688094517,3.875266149915761
1.4988941050751554,1.7351494620216854,2.8884749160797782,5.046357247619787
0.9192584799960608,1.898187676150021,2.7630282372015706,4.489244551603676
0.9423792701100001,1.3689632751601366,3.2121051635494586,5.567138623755225
1.2343549446581445,2.170711509403848,2.6753104190331043,4.205772092444118
1.0269802935639318,2.3069057727010227,2.076950930598528,3.841582432693908
0.28576651007755693,1.9520413674065429,2.806410966908101,5.321567295355163
1.349206277324721,1.3626901899108734,2.1606781970148683,4.28479935511791
0.18272902692328175,0.8691791212476513,1.1217981701654594,3.615909604178268
0.6111135425005064,1.4715747804588268,2.1156697579345765,3.2895292698158385
-0.14099994091033974,1.271569103074271,2.646489940617432,3.7709659460190545
0.24529802193901412,1.009855281542818,1.28704456491675,4.082161526706457
0.6626377505927443,1.9215605929125712,2.4090303153799493,3.5046655097781096
0.13029699956488622,2.105250588490443,1.8734853532171978,1.6844435618095033
0.4989757156390089,0.5758241362133599,3.0263072875160484,4.50730136489595
0.04888233069520154,1.375698086906327,2.2039814231502555,3.173156432305374
0.31577199453657384,2.167573749624036,3.109782434052258,2.359902929852863
1.5663870048808954,2.0997512124413222,3.761922527894699,4.881054927920054
1.1560779118191804,1.6399788961744142,2.5050466360224637,4.476642086920357
0.07814265793068903,1.01607418762639,2.963029658851006,2.4903803873108075
1.1794448788153606,1.0945691829392417,1.2134088452335328,3.052878930307574
0.4274799178334757,0.6578619673294307,2.5706216582511363,2.662674147233534
0.3420366911481677,1.3407660078684587,1.9602553898133035,3.441027888922463
0.6909551430034274,0.4401552001973812,2.21410561974899,1.9919377725685117
0.6018335685162917,1.1767984491310732,3.0770502658271237,3.2827762266896974
-0.3163311186723059,1.9137218562288765,1.9783488964662703,3.986602474059134
0.27128986776636066,1.5282744823455532,1.5360376079007878,3.827596784347744
1.0139759471157077,2.2702673075922313,2.5481696641950045,3.960476654818075
0.9176318042805107,1.0280930833466992,2.7271685473729224,2.6878461225089607
0.2921969050780916,1.581475082545874,2.3345987837655824,2.9034112199956086
1.2606300573963363,0.9914166888590721,1.2035693179247342,3.197597766038045
0.07814874557421703,1.1511926836902977,1.7893947804165178,3.2186177542184833
0.6402652569471919,1.5316793179692085,3.2837142707036078,4.276868552938071
0.33670928208568307,1.3899295621499785,3.660005100360223,3.3605017785386964
-0.04159122524587733,1.0402086709450602,1.9295984899021037,3.434840836135349
0.4293995470953002,0.59777308370379,1.998032804975288,3.2301023578672616
-0.03081734757914556,0.9611094322524555,2.4233161070804,4.1078032406859535
0.9184019061193189,0.9769237644415735,2.209556526760134,2.813097161990096
0.6394506416108706,1.8886571996285622,2.8014754869464538,2.916522984855794
0.2847608612864895,1.646265729126983,1.9528324404079855,3.7441852620513
1.2029671258035046,0.8613689754908657,2.3101243517115475,2.3283997421348195
0.04806435167240897,0.42839516666293287,1.9753614647989457,2.880829393318498
0.2545872344353881,1.0714141462840587,2.1317983235181917,3.3899112566517817
-0.08545225233923048,0.7586449353897073,1.9931440702791814,2.931855128764126
0.8253483392013274,0.9126247765168062,2.7814651746745054,3.653216621809328
-0.1528173204885528,1.0224138032372043,2.5802821989112426,5.009081141688197
0.2589264893762398,1.9975252191876993,1.8525446582015341,2.0624190206641737
0.09466235431581,1.5149575254668803,2.214780130957669,3.43026999050222
0.25077239797060874,1.539834716631647,1.5896558206754001,4.031590098549803
-0.5109564336027757,1.285841712033792,2.7771473425065243,2.659013336442338
0.7019552846166595,0.8921879116116083,2.9214373778189704,3.0617011690475033
1.1384917888258737,1.0605843174588223,2.265197391442951,2.557851196402587
-0.030481892685224166,2.015220960859369,2.446043695020502,2.91517954426243
1.3876632980229888,1.5283363208542742,1.9970774321861358,3.539707602333038
0.5477142875373466,2.6582027755826205,2.8383375263536452,3.2265124722972804
0.46894115376198847,1.2174592086064773,3.3995334555614463,3.8125742693372144
1.207491071723699,1.472798316090785,3.6947154931456723,3.3772073508422333
0.7535039724532155,2.0023795693733737,2.875023240216474,4.355716171315599
0.29199533708887704,2.3176059550378403,3.5100743352721446,2.0871815536241267
0.9383403942048967,1.6502898605490413,2.585847965631271,3.223682412804811
0.3084788858349284,2.1045104970447666,2.0611233754837492,3.7248366923056344
1.3704269856977658,1.222462312443899,3.070325134063416,4.6038763191843275
0.17531306488562304,1.513058857784406,1.9935304603056516,3.526666673744534
-0.2299693095469011,2.0757042214799304,2.9399779619779665,3.529050365496489
0.22730331802980186,1.2782889920645015,1.262061465704835,2.931325963371624
0.6042590061142205,0.8711633048054979,2.898871439521899,4.8998263763213386
0.6294793925509494,1.7419152462882492,2.092137996408295,3.741996773336699
0.07730683941825006,1.3315826827487531,2.44604496303125,4.035153715115859
0.04949254070318304,1.5452073508919961,1.4323072892098039,4.164431873311712
-0.02466356134747094,1.7773843647644285,2.9316261050428905,4.479804731166481
0.8606915398674908,1.4855740471742542,1.7248087545000774,3.186147667230142
0.27072044710508525,1.5588171862947067,2.8557934022826417,4.175346236686096
0.8583838506075635,1.7942351381940995,1.8544226532121728,2.1716615889418818
0.3855700333422329,1.7556385266461327,3.258727204959685,2.916368051630313
0.748551402718195,1.2806064074633081,2.1428846611959065,3.2635158587633564
0.7584909751757902,1.72220664705125,2.2620592365928798,3.7278719788763484
0.5982504278885812,1.285444816324076,2.4347727787720173,3.906772573888014
1.1241854116808383,1.710587054649803,2.360685389607274,4.222877746972341
0.9330007532350905,1.4296926856108874,3.4228602100986856,3.250784192009465
0.6725446670992801,1.3161058969771822,3.416614467532473,3.680815061560417
0.2104784944018196,2.4597840866879404,2.061053155531751,4.055110346898255
0.5177070166668364,1.9284180231998826,3.369330757183049,3.8785917186395773
1.1636152723420556,0.8952142287962563,3.1686988148331383,3.884498910394642
0.6575532940968716,0.9615292891215509,1.1236733641753425,2.4410405378326328
-0.08683992624982795,1.0084432573658122,1.4274987659222134,3.992644040548072
0.12057421209653191,1.1295042850889492,2.492332991577595,3.139206855766478
0.695915617709476,0.9054710594745319,2.441808607004932,3.7445688029373687
1.0163800759178552,1.7766487431346327,3.3291568267674894,4.193812154607008
0.7169764429645265,0.866647270494561,2.892516292088632,3.5446878712935646
0.3694990226760621,1.2373398245076994,2.812805119476321,3.439462575634172
0.6313818291190716,0.5347904974722124,3.136555933307138,3.6950807655626567
0.3230461125694769,1.496471208362168,3.0620873090118925,4.02667397109973
0.6897589929527432,1.803971625689918,2.8861137731604876,3.1595117447982637
0.8732014956454731,1.2110574542706014,1.8646727444722178,3.629635456157712
0.8052654173678424,2.164175987352078,3.0618019402859424,3.761805566817193
0.5959780119659952,1.9820283598081248,2.6337092928199937,4.291929968336455
0.774424581350653,0.7381963837919163,2.473455308616457,2.709695310027582
-0.6021989041976248,2.2174567018803883,2.1889828882998406,3.1679572631580393
0.5573585894467475,1.4009379652865892,2.939313922708604,3.597265418230372
0.930414581878281,0.7948220327189479,3.248861994373019,4.802468131812375
1.29010314587772,1.4661041335644567,2.788008860862937,2.8346421751603192
1.1393781408532064,1.4868039310442882,2.0887181061177142,2.8858613421242763
0.6584085688530943,1.3736835042414037,2.2895028117384797,3.6442682902620476
0.9931619267848734,1.571459411042878,2.036847139165548,3.9460629566349845
-0.0005060343445487669,1.99997547550291,1.9617563986163453,3.4708037899176216
0.22880052645964588,2.2674471634736593,1.7127144405533767,4.428634841561782
0.11416027315032162,1.2732746916684883,2.443805553075709,4.273375763242316
0.35335484836885184,0.8084219312805763,1.1162191124700924,3.3775833340979204
0.5899037500465105,2.2056321728230848,1.191739367465765,2.815786025048193
1.0280744176317373,2.1238343616867814,1.9839375325664275,3.2686289898133634
-0.20081741933884678,1.8209647455385798,3.1733428682741525,3.5330354648606486
0.593530688623068,2.2732170282026134,1.79238347329846,3.1992723505983047
0.9741406944328841,1.6094556290889441,3.06725749583652,4.816069950462498
0.8224732240410926,1.9459241830801073,2.784937598755699,4.666586672592984
0.3150387593730745,1.4878310381457729,2.6660989436934766,2.773262205660469
0.7817118272389498,0.42933263679901934,2.2560630921228464,4.030075945485062
0.45274088702098586,0.6211920606827466,1.9502961534108496,1.912833851720537
0.6811000838681559,1.4786108622662866,2.395817199361599,3.410936006652261
0.7812620877389372,1.3295254505005847,2.193440300909666,2.848928999636323
-0.034787770958424336,1.792655517356035,1.9921309251035306,3.4589799709058955
-0.8170502545233675,1.5036796720504975,1.7015936650503596,2.9434204569135307
0.143574836432112,1.5307411907655128,1.9959824012091918,3.063668114466455
0.7601281970791618,2.0113187949753395,2.773152306458673,4.263876237327204
0.6012971048516776,1.4802453705683616,2.747967184286033,4.005366396068656
0.6166433432191637,2.150658553845696,2.8842360904973967,3.801719974608155
0.9316165695615435,1.1837692965234692,3.001393916247209,3.3248432402175983
0.21381116728735894,1.5115334831684222,2.812180807991419,3.62354279264435
0.05073830413452646,1.2820533134961292,3.073537213459789,4.680928110788907
0.20421459577468354,2.1429391273256906,3.3051840392408174,1.8235395958359708
0.5338862965812764,1.4584918475718558,2.576418982463991,3.1198241604617887
0.6618615639882467,2.4471027291678205,2.8374370360155523,3.0836851142958084
0.8311851600069159,1.3282987699385194,2.4772200987084867,4.429324642290187
0.03826014259711208,0.9978564319317615,2.7678214794395664,2.781696117585822
0.08712037424084607,0.8529639576507427,1.036887852480735,2.7093842388403973
0.3827403970434183,1.618030125322455,2.0577319708206963,3.045308730892675
0.13953519118422847,0.9373878413578071,3.206490473436625,3.7762378052847376
0.280486939015004,0.971703194026837,2.212092105299818,3.232578472285844
-0.10388062591708103,1.9869642580204967,3.240141067727605,4.6917542891240585
0.5001340653329448,0.9811772522091966,2.6908594887865744,3.2893888711107264
1.2494124255078116,1.8440790323375535,3.6414358701945955,4.2686369938599755
0.7276758467275103,1.8198393717318924,1.6368075597952134,3.314276303546267
0.799354720468241,1.350272038843434,2.583575397826962,2.7218872567640675
1.0515424218563085,1.3681120537353986,2.975483340497298,3.2415054216706825
1.1562357261529654,1.9826238626696453,2.431845610808931,2.8726092565935373
0.7281154244037629,1.4409404239534591,2.1707072613451364,4.240680498197302
-0.12271935824482161,2.482406427656753,1.375862479781583,3.0831247018165713
0.45672265668026035,1.978095389822669,2.9478638726664976,4.40479588569238
0.8938827657183577,1.1029457338046136,1.5357644187947987,3.5121683922966107
0.7838887976114662,1.315050212562907,3.202514105893095,4.31418883356257
-0.32902635932882685,0.8865740063089115,2.5988694747123735,2.819078972517869
0.9483774028059575,1.9473681417985944,2.5496645199805354,3.3367408034053683
0.3736226301177895,1.1634310514760697,2.067300681841927,2.583827996378184
0.39924818428336084,2.1161018070779702,3.0507204147358515,4.049513259734989
0.8896034567412116,2.6242051974901788,2.56311966382743,4.72247216896877
0.3236013268599646,0.9410719284662294,2.9318129259900108,3.508233836608111
0.6469709817767028,1.350643143464402,3.421191283693648,2.795641288186414
0.7891503453054887,0.9432642314825587,2.5881924688887805,2.5013270247138566
1.5152841358815519,1.2050853830133685,2.7641235183874158,4.4860389730002375
0.34006114427401307,0.947972644692667,2.7650513394407654,4.4256253093516635
0.6964283731729507,1.8675908232259808,1.2330131409427134,3.467184620243673
-0.25051843691206743,2.4481882225251277,3.1098720318191932,3.1693661048308073
0.22883392307109807,1.4891549527959569,2.0271989939596855,2.9986561756526116
0.5642843203715878,1.7848952733616685,3.8388398342702548,4.751282723564673
0.9181958534766814,1.0503692498153385,3.458025317441426,2.926633271727829
-0.05052654269185086,2.2052772007404027,1.8251525967772353,2.776021736554936
1.0269143478661662,1.2818075988711546,1.62280166758712,3.5885355534961763
1.3902828498966746,2.416889032916005,3.346746529763847,4.705311316452458
0.38575998889928276,0.6603347601099245,2.6070470023120667,3.1825914105472157
0.0569822571755918,1.6634947357635979,2.9600062324892926,3.7833549292264763
0.7474745890907794,0.8637803528765134,2.4349080329192034,3.547856689604716
0.41909525985491736,2.0356339196043978,2.0797016762005214,4.05885621071136
1.0066204891424468,1.8254912953635598,3.2234516919415523,3.325244222898034
0.2592560650367592,2.244336649664959,2.6838259886120754,2.723237033040796
-0.37989085434535363,1.5430220626923596,2.515581062192733,3.3519986413416536
0.7338841935113809,2.0441915106557076,3.3342051544728353,3.8811244292135254
-0.0871227279490564,1.2209170526845459,2.086737440454388,3.7017700932408744
0.13101226981537473,2.2487170398988656,2.8214043478799686,4.415381411450492
0.0785215494026722,1.7650399164659532,2.1141089409612555,3.650225751162108
0.39735148287672306,1.9996664869285494,1.9584431638585895,4.57723882936534
0.3238947754404937,1.4533655037868776,2.312160563413639,3.1925486721793197
-0.2902449143715913,1.695329514309145,1.462216368550489,3.0247138728357337
1.2360905831658409,2.2209916820782816,2.878052088379126,4.5425263130662605
1.4367518804934387,1.1896769605971809,2.5632424068673956,3.968295510247242
0.34819100735788566,1.3223289920091155,2.0544195456697154,3.105358081813288
-0.46956683611906247,2.108250413760814,3.310260077555151,3.81043810384506
1.4906284506353367,2.3097471949772506,3.481552140675192,4.32320150591298
0.8933172021918074,1.868451246425082,3.120567546934599,4.20746155668734
0.20176997714994493,0.10295939174123991,2.492169797133604,4.034576863080848
0.6451126464505305,1.5789930007529334,2.41494124170113,3.537575242312255
-0.129723570424351,1.5967985281920813,2.330422063204489,3.063480686991957
0.37145160908527736,1.6961941631041013,3.2139966286337662,3.6245144181408713
0.33008839158370795,2.2492483221338175,2.432773277260474,4.248118683262402
-0.3536454883675644,2.1253816711140634,2.5851421447505074,3.37308539136318
0.5899209435117461,1.6101969705458163,3.4706430715163945,4.080280155883076
-0.009615954221043888,1.26393839960851,2.492936777307709,1.746777145234864
0.02182052966457476,1.6971083706079242,1.4118465739611168,3.888799536249748
0.9781708971298901,1.1389248570752908,2.991259903945994,3.739158894564908
0.9753996907892326,1.4824465317157571,2.8713796246934318,2.7757572281684864
0.7623697315710781,1.2610515933886892,2.360556349272293,2.502599395899269
1.2720444316337112,2.2832274118473355,2.5233240079450727,4.582160411980067
0.6026193064702555,1.1082285117741721,2.4601538727745735,2.8855158055850723
0.24661935700944781,1.8122334314963175,2.3317427306399887,2.9398331685371497
0.808718883827706,2.6816845039710344,2.4213263787470427,4.153502942296942
1.1701692254495402,2.1239452465294337,2.8755683298202657,4.322885377900527
-0.04943203345495195,2.1155032842773958,1.1168677386027213,3.875075191537414
1.1948290371291908,1.036017184697592,2.771973691529159,3.705375171928416
1.3238722885719463,0.7009583899653349,1.9142199937632525,4.067445171994514
0.4367704103265646,1.2047064420183178,1.711065067971376,2.1679571061967007
0.3465257804109553,1.950344142050918,3.355541353665211,4.241707909381746
-0.06037158472771842,1.196716796274074,1.3196594658253251,2.7218213817763734
0.9258284174044629,1.2628764100117216,2.1537199341243483,1.9397353879513706
0.34663998023188575,2.4007078959863675,2.534631927437253,3.376521878324245
-0.04700745246647242,0.5160528751327444,1.8061201485071021,2.4117075314992276
0.5265613948351957,1.8451509660818506,1.7664800903935305,3.230346165846696
0.5289948201921757,0.4451642028155238,1.7280539934628494,2.2805330405450865
0.2733681355292301,0.9241303936445772,2.8430598286785242,1.7374952147005132
0.5205688865119384,-0.34476515457335877,1.505139062819223,2.2928877469318287
0.5787768971974423,3.1685693337568663,3.007013723229024,3.6113662072600943
0.7679588393783484,2.7187624864552764,2.050317488517949,3.8079172253615576
0.5929322932552639,1.7082043474676052,2.896770259524103,2.9673257689945114
0.5538193361440923,1.3553624645820248,1.9664155622836177,4.439294968931285
0.3893570882559682,1.6047510362476427,2.2876198290922822,2.545458771723199
1.3879369560838613,1.242714333486259,3.1099309095867964,3.723954455200285
0.42899126686539285,1.7098444920847893,1.89551741526429,4.039931617986132
0.5688746798951292,1.2849660442711752,0.4521461892059975,2.409679711151121
0.050467349989241905,1.7830023170284917,1.5997366794415537,3.3921039821343824
-0.06294380559710544,1.4975424416606604,2.175974604454073,4.190630036214417
0.7786653425693326,1.9446953748926505,2.577850670554738,2.5139181043525807
0.2184495415729934,1.070472517378123,0.8618198546754101,2.2570082451302307
0.860920262022288,1.60529245221799,2.9114968985400598,3.442370002192036
1.0478118482527714,1.2105276216116865,1.7973335897969047,3.1867563124754765
-0.037963771154553405,1.3836281811913411,2.1792623438828223,2.6327297490711605
0.13045748363249143,1.466952091105374,2.1415599128248184,4.671843843620843
0.38339913794835556,1.443969209473796,2.608147700356369,2.7267853980096715
0.3445673541232659,1.2847879874589627,1.7756613027253285,3.9221474888442334
0.5959733621810921,1.809593915376552,2.6775964595356445,5.056170914021197
0.3487248935620302,1.4918205576339316,2.4759723807714784,4.429789394244516
0.7540625435114284,0.9735511289242893,2.8677867242044615,3.644784132122346
-0.05168649425142702,1.4672053307530522,2.62846979898968,2.6958786134161667
0.9254750568149892,2.0741765188562638,3.5202040529012644,4.141320374165415
0.18640349760468472,1.4266799401084225,2.4238763425615795,3.7198051873594813
0.30749323115660987,0.6887369920888919,2.2311808585565673,3.343015817454536
0.3114698010772818,1.6986629306847525,2.201162035268963,4.034207517257419
0.5172621832918052,1.826971607734628,1.9341376636933738,4.092638927811639
0.3364376965294084,1.5135101880219444,2.2490996999583563,4.159086888543481
0.4867180836630023,0.9046888530532862,2.384689436066237,3.561234783572281
-0.07016855772909947,0.7354427517276179,2.4131996765486843,4.2159771084931075
-0.2598844538405325,1.0951328167061019,3.3644674724599524,3.039736113574845
0.9609584599650928,1.6366367734627216,3.036907980575024,3.667698457680462
0.878184426249171,2.386140946792735,2.7346941953558503,4.1951119826184335
0.4830526972015488,1.3770758677081854,3.1281114137620376,2.751833073393028
0.19770612450667124,1.105395846679031,2.6021928752317534,2.7209421998016445
0.5445275589441836,0.94632526526281,1.2392833019681322,4.1607934596410585
0.6718085531584674,1.5853337602340938,2.2682149314507885,2.428563873217694
0.8348880325742907,1.3700058195486962,1.982353641013441,3.714385230951324
0.1031180062528394,0.9289447364156006,2.794505860795382,4.537837333633341
-0.2522370705264525,1.296037488690302,2.6700524362282536,2.4425390790768575
0.24627152877042396,1.6712818160841492,2.58247684206964,4.12682307881722
0.4540908958757526,1.932575806550186,3.1633614004484576,3.8766533011973707
0.4138158626961679,1.083628493263434,2.5294186727332724,3.6442538101959316
0.7694504581333125,2.0182412993000556,2.977128410868275,3.492779535027141
0.582716271438078,0.9300957501137496,2.3624876422777987,1.8088868040984685
0.008288843441945581,1.0726095391553019,0.9879879377900951,2.8618497958885447
1.0961544563273669,1.4567464219887927,2.5403433012051395,4.436686135853886
0.2304195993032988,1.7917040033071456,1.7980571227326714,2.378754690067506
1.3602990344843686,2.287752194312148,2.902674761416701,3.1552635800481634
0.5522175613212098,1.8894511290344014,1.6218903707476628,1.8712390207237946
-0.42908620648831686,1.9939275761035269,2.2599758972437147,3.3232898887031324
0.5277206228553156,1.6730934994880415,2.7084816489682146,4.611996836833265
1.1048507092533026,2.211594255354905,2.8821728739779355,4.271730867689689
0.6228188125789653,1.1381018852813958,1.3965489355071883,4.431611002571204
0.1067601613339148,1.2777295988466002,1.457614883025534,2.841897096268386
-0.041916762773571814,1.2155537616090237,1.28189213222148,2.660587223444871
-0.07003103073734818,1.540699454867813,2.0735391481108367,4.011514063118936
0.5185351344587743,1.6635601440931649,2.689288495368373,3.6745077860225286
0.2003451393956508,1.7235065913828493,2.1682666363554595,3.133913615289366
0.20557818313182274,1.5060483172021715,2.88708939968305,2.7834441578973865
0.2562997727242884,1.6327761197563648,2.7191548793536033,3.880981303785906
0.3532007299528518,1.8168087368784738,3.1035012160314985,3.08924619382446
0.5843540436079238,1.1022079283284412,2.0862917955574747,2.7193059009136515
0.6122436491997886,1.1701218153598125,1.1978895554983668,3.228326697075412
0.40505271349773375,0.4508626358382275,2.919331747170154,2.5150789240008224
0.37176409042419356,1.3734122680692584,1.0395709570431788,3.626062152184294
1.178877809943839,2.206570575709754,3.561244195940748,3.6522095998684803
0.33535374496580983,2.0206894850089694,1.7474804734566742,3.8439039567003386
-0.08720826525275416,2.1530736636705,2.7403954352909476,2.6176491978687753
-0.015014967700289317,0.5832391456235861,2.746532880542323,3.5851678478200903
1.0579317890354287,2.1721325346480125,3.2954580921058136,3.6518602829135425
1.4247674156791383,1.5859642152009275,2.8196689898074725,4.4256764801476045
-0.09488061797007163,1.0611833424078359,3.1178078661318858,2.073222297022975
1.0798454921192047,1.330569012423711,1.678729680728408,3.2800082777361483
0.8143641270619639,0.8938796383703194,1.511668384492451,4.05577656648125
1.1228958445552308,1.4945755611077418,2.227757082696745,3.8227773731409918
0.5794433897420781,1.574016690262054,2.352010430149252,4.211618333608669
-0.4793695863540768,1.6557843576126614,2.7963217851110787,2.011601044270312
0.04946474841608495,1.1388210291575886,2.963215126935436,3.8406864066164226
0.5471099345990948,2.2163835284238473,3.930737038241138,3.7165918956334316
1.0189235795341665,1.887862483608729,1.855710728568162,4.492330358572674
0.1142856723518223,2.1117871797446424,2.3384115306421585,2.279183370568248
0.3879578686386237,0.8564864853093803,3.1246044300854,3.7257882795962236
0.8853109245626996,1.3295482691342901,3.5273329587935573,3.1377280575608952
1.0358978480236376,1.900581015532696,4.011925050232789,3.092292395082203
0.5984644526175105,0.966445578541223,2.619011568830925,2.232375293572321
0.22992317177174648,1.5082404529053803,2.18987274067824,3.3284500581338903
-0.3719159009288546,1.8868313474567482,2.989974740644548,3.9774706591883136
0.14696958788590336,2.0107602038803534,2.6212431547737682,3.691436059149033
0.04442146248287304,2.091348571788841,2.7948442456484806,3.7736578328805233
1.0070429179732017,1.7312704325453983,3.166986416000549,3.806183909769852
1.0409900597769646,0.7796357388177902,2.1500103395993975,3.2788362105698936
0.22602224069753352,1.8853127667236018,2.702199090370835,3.3166922743738976
1.1202626156905315,1.421982602235298,2.8975999927295213,3.5689634334940212
0.11867868502869416,1.8702010397877809,3.032477293608014,4.039124114425922
-0.08593613226253038,0.09677662534771936,3.264402393940471,4.318871022336448
0.4640045469196843,1.1632656908019898,2.0388084705513654,2.8277038673951798
0.8911143955409303,2.574274123043705,2.3249990632397757,3.556405608358357
0.6038601599696413,1.7253588058543947,1.7858699213512348,2.999807836192479
0.5381995901540466,1.0924035301210937,2.1393080356276384,3.837389161306156
-0.45954905309060734,0.844829851465786,2.7694840584850766,3.8928125190397598
0.30528837475096426,1.7305080993837416,2.5224512951717837,3.3349203384123642
0.42192382353217206,0.36120416220541096,3.0095998320620625,4.921545289567799
0.39668665072560866,2.111283929114333,2.9955865903150585,3.34695867867522
0.9548761414187548,2.105240846754279,1.9595967305522588,4.267012438961783
0.4265693434899883,1.2392306006915592,1.844715492384145,2.8647707414904113
0.7342485589070837,2.3484171164662637,3.543525608262822,3.2097401791086533
0.3758082018265141,1.7652619636925373,2.4996637035300204,3.3790889099225114
0.5886723492203149,2.2427856808192153,1.625248836262809,3.959454684649854
-0.3590489960829324,1.102759134434515,2.9212197370301585,1.583777393872078
0.44348725293408076,1.278342236825229,3.141717899506431,3.9118194711796934
1.1438232406592286,2.1933962419275015,2.3216621591292226,3.9746646860544
0.321556697099132,1.6755064029001676,2.0681204610282213,3.2634536305667288
0.06427926712475845,1.335824429894798,2.0358442677245057,3.7988613716826225
1.0653969087785105,1.5097610645639852,1.9457848814943681,3.9878183733153394
0.5418483656211752,0.1851942430079534,2.292877187139684,3.1770227832880655
0.6682981239012356,1.18122125123419,2.6324138736406963,3.9532224680494226
1.4979001101216025,1.9595056726930533,2.8832515261729963,3.399710399081609
0.31530287282733815,1.0587446839038477,3.4725153581939647,2.373597174683342
0.7762086806153214,2.885891413353912,3.3404939892756684,4.127481560271089
0.5074584280477593,0.7960438042985132,2.673014807153056,3.3914063362184446
1.1251328181564295,0.837867967660114,1.583266467775932,4.064235679868461
-0.11350520360996608,1.5771486947620987,2.1230781930769713,3.0663847303110736
0.94536433679804,1.9623126494762455,1.838576603150357,2.793503797879341
0.46514101153063814,0.3381558055704321,2.7578235950361822,3.172085270452523
0.3520363852777868,1.1644019725241452,3.9020997719822823,2.9237275781411
1.0879486672805214,1.6134983401004273,2.7264537458064924,3.478790027351509
-0.6978305558148283,1.220802186411878,1.5336677202053544,3.830991960075531
0.7005943501923256,0.9451285894559146,2.3063379049350012,3.160075875500064
0.5718942374607778,1.5474982983656476,3.4592444330142675,4.125109251440285
1.618177963296318,2.4094928706232537,1.3069041587437478,3.921095015743415
-0.05578484747581136,2.061113260229453,2.820641082069857,3.6875557153310887
0.4220659283624366,2.2356252167892605,3.1840947934964485,3.6373953216568022
1.3201510770756109,1.2679678325861548,1.9196137394537924,3.9094858212844694
1.2074711033150272,0.5932723175485586,2.5636837979669673,4.784075746094153
0.38055053133415145,1.24060344831146,2.598868408822831,3.193508313923447
0.9824531838301791,0.8919150017425762,3.1939865421187426,4.450667977016554
0.7126765268287858,1.8926462418301526,2.8358443741705672,2.999532036255047
0.36807572387918325,1.7369538954931325,2.927956167678752,4.4366629020829205
0.6094357269214278,1.0328771510950099,2.4224071656617103,3.4304527700491954
0.08098791103901692,0.5306063554791343,1.5543272113414677,3.3707700626521575
-0.37229656958410384,0.5701365339206887,2.7689970912348865,3.5495217910099766
0.5100901198608714,2.457833995995832,2.8009682321668206,3.840150654902829
0.30755774200889174,1.869887646577492,1.8258734851635494,3.747854813800526
1.334764952211999,1.8660823480375868,2.9872351229275194,3.311389211720404
0.25460993712855035,0.42283761879897197,2.207132537502585,3.0646538970707216
0.4834548522067945,1.004926079314546,3.7757751381990454,3.8748592791607304
0.5874336725548729,2.0960489453368263,3.392486334343979,4.076645439947703
-0.32309730388520963,0.2419645307182634,2.0944693630960938,3.65484045134208
-0.5116424816551999,0.9898749343970723,2.2125173383286407,2.6852918272089745
0.4049422469612392,1.825745912488651,3.3678772124193674,4.206100354559178
0.35727888657211265,2.1842412251784116,2.6142751295330253,2.7964491184838716
0.8665136093465289,1.8077931745701714,2.501713782776792,3.4138914003967384
0.7826523631466717,1.4957032639770345,2.0180120499505385,2.977633541152995
0.02031460987199496,0.6286479011935538,2.691644879255482,2.5254791582583507
0.013000695464178924,1.0171396222855542,2.400838718035259,2.419065243696259
0.524536085944357,1.4385309648094284,2.4523610800792977,3.1161645254887023
0.9331791591153971,1.2491158091222554,1.8318437952265967,4.044274018010638
1.4364846004052392,1.5071258426277014,3.307307361090433,3.0400667537386
0.3167605683468011,0.8457531045054546,2.1088608728349607,3.888012529513577
0.2619155739302461,1.0340545057596175,1.8740808507548283,3.1259907596129084
0.6058399977582254,0.7111563350926584,1.991710374021397,2.0238460194582304
-0.027063644891328953,1.54913079616328,2.988289577772922,2.599432663923652
0.9931258501413897,1.2948404891600207,1.7891634328591475,2.09922648379737
-0.36465877006084213,1.2586052682712157,2.1410546008728715,3.357402648957023
0.497137138375376,1.6045508844593945,2.9837359927906704,3.121320844596671
1.0498546665659956,2.6370875401988085,3.071770516904403,3.280056561539255
1.299316418024383,1.9882624995543665,3.642578021552839,4.604563120528397
0.558985216015883,1.511549222392721,2.4851146259022188,3.413868079668598
0.1840301173220571,1.9097234722469245,2.4150161196141493,3.8090276880869665
1.3484106625928836,1.528444031973034,3.1386234482902013,3.5057523564491744
0.36829280105105333,2.2690140061044324,2.497219854066164,2.790969743937202
0.10288229876914268,1.0936072937420942,2.7205279339039206,3.5069423737216425
-0.12726688377427575,1.5301150103577017,2.1307754907913603,3.598187698168379
-0.25400509185465336,1.7175570167803897,2.252909077759783,4.758578246685674
0.10760064153814752,2.267008609235453,2.8047635628420746,2.7694982685852003
0.8244479514051896,1.7948229941623919,1.16663171799493,3.971620545774646
-0.04474375209825321,2.3584044580894536,2.2019022553427163,3.8951304315713045
1.1882896037181163,2.0449216765995493,3.144262571527803,3.1879089478518448
0.15178206938270522,0.15717335576756608,1.9379556590229914,3.8084215283468486
0.7104446535277028,1.0169623815454836,1.3100817299581602,3.639759724582207
0.8150808989146352,1.021451678353198,3.114904168701183,3.180274172443024
0.6123748746995764,2.340259201555011,3.60218203462264,3.872270503980654
0.8676112543264165,0.7987320226842599,1.958806812711336,5.076874298413559
-0.03919772157858292,1.16093195192509,1.1113700725687616,3.0528763970905235
0.03473629860746863,1.0839690199550305,1.8404626559417046,2.7475486514064906
0.7521105041240438,1.1358913168115832,2.4823302296010974,2.048965818821123
0.6644857550722569,2.02435586365032,1.5786090421036985,3.4144087816426794
0.13955026873940102,1.8666203091340663,3.211738774476123,3.6739446836924947
0.6421945039845107,0.30087889595427253,2.4787751458470697,2.596105420936128
0.9727685890720661,2.241710162067378,3.595686256250404,3.3809587930984835
0.3391229166212037,1.1306367539026507,3.618471358243407,3.850414526365624
0.5526473087862682,2.2665398866257163,3.9499104961843807,4.4162635246470066
0.5452526749808757,1.8141920850908162,1.9832861430520268,3.2200233447520463
-0.20742277070967718,1.6352059694162102,1.9239478453964294,3.326536229078897
1.1944136091196484,1.0658003021109268,2.0989058917895504,2.639173121784797
0.8635910741835184,1.6443941218823452,3.827603811749958,4.409396901092293
0.6137384051033196,1.3810997068862436,2.858700458562077,4.506621230484598
-0.02504493060380908,1.645066605048189,3.6677156712480086,3.42026832636897
1.0783232391907012,0.7653245252620302,2.4190930420140435,4.175247741985017
0.5332783275691175,1.989090402486002,3.1789603027925075,3.298201224944317
-0.14648629361926424,2.163618110985855,1.6863024202269532,2.749812247883235
1.074395654697955,1.908742296773276,2.3595883568182088,3.433947504726055
0.738703100193496,1.2544748630418445,2.2834925325728084,2.436999627154716
1.0077337706115135,1.617881712746707,3.090881696181517,3.6592335388314736
0.05472534876080909,2.1433649862581357,1.6162459330189884,3.5833829113522984
0.3625302041246472,1.635823267486854,1.579094460756893,4.3705951802100875
0.32778250548696464,2.066519542705623,3.432713830393917,3.551638449906261
0.9303155204616312,1.2311083720896863,4.053634176094874,4.589237116175934
0.2539025658193933,1.9122852234791203,2.91941468927548,4.2391700480366845
0.2986723896519153,1.837287764124339,2.7457839240181365,4.031865351490402
0.22028572433588306,2.1214946504002032,2.860732945577853,3.102863777819959
1.100657751818158,1.3511807649421057,2.403675061947322,3.6783990743094943
1.0254576371132658,1.6870688598954842,2.1760655609458146,3.3713971254290502
0.003505268887815771,1.6800015080127733,1.7977346703890693,4.466728211583615
0.5276961501046524,1.1262481947738607,3.190167742775719,2.89203341765466
0.5120954939313784,1.3403617362233347,2.1434505707952396,3.532680913634915
0.7218514998321381,1.1095007925954403,1.8430355416327568,3.8687237582734086
-0.09072734810015548,0.705728453353517,2.1309141623977474,2.722958599285322
0.4059165336110043,1.596358601596097,3.302679905463704,4.475891687845866
0.023043003000157714,1.0761033652233036,2.9195684571666973,3.664426010300679
0.38170951044584706,1.854646944472077,2.525030067872603,3.9881471926117493
1.0564560742931137,1.622806824018514,3.6520137860617505,4.344532748811508
1.0519463272560028,1.6395839623993154,2.3132396447125836,3.358399383434908
0.9857489982259067,2.0695119542909737,1.8227385749968072,3.0941472069686182
0.6486018917355196,1.1789395404372096,1.557572575243434,3.447539143999259
0.2382209966260116,0.9599255769500065,2.7230639518856212,3.016834041731425
1.1426439344908537,1.243432154281885,3.344957723777579,4.196928332686034
0.4430157000728772,0.5185777964301664,2.3343852560713088,4.303429600721801
0.0448086351318876,1.2226632142684855,3.001837099054689,2.4330687306540573
0.22071559610592023,1.3529033260828711,1.0962966891489003,2.911277848778566
1.3771830758582246,2.77326166178535,2.878948918393641,3.3780120954877355
0.7381567443835275,2.4564039477369546,1.8588995410283837,3.1114851575073814
1.056699627959384,1.2331503912724402,2.7643064740621446,3.646332231471444
0.493898420595278,1.2986445110759601,2.025786676242769,2.983215015401861
0.41572843920096025,1.4000414270412695,1.8268387944753766,3.653312675427773
0.19811885748704627,2.0861561413837544,2.341109429232316,2.5077989974040724
0.5127494041793779,2.8972648809154826,1.8721429799903797,3.815329977088877
0.7788613786062826,1.3982721749811973,2.3358351266469635,3.2723123378899763
0.5221540066927367,2.372253404014297,3.18722421260324,4.110431618901421
0.555689396495305,1.6151118441866672,2.4269737318265667,3.9188667787751377
0.8036709715614705,1.4529937728532123,2.6803371280432833,4.275997690202191
0.48685019419880715,1.4169840527036357,2.444825132579066,2.60952387400975
0.4098308177852773,3.083328391783711,2.508530824559461,3.481853980860614
0.4177853337616684,0.8932732713992132,2.524046206709455,2.721721964376034
1.1137028686481378,1.6291837219327159,2.0379728861814863,3.6526561363843504
0.7996547776642259,1.6096059859548644,2.458121307021316,5.135181166715322
0.4569991818276009,1.4693453833965944,2.1283898221266977,3.547731502200587
0.6711019018504383,1.4792819369873398,1.198241305891763,2.6966720373662953
0.5845750734787071,1.5323114684928492,2.390352038398918,3.7895374926519856
-0.04551438950673514,1.0600061148502327,1.758099325529169,3.5528259542905727
0.4327513623741749,1.5667597557504866,2.1345656017587147,4.111436731662667
0.5907654873332664,1.6508916131018234,1.917577486020374,3.0396212309587876
0.6596987016209388,0.9177315416677955,2.9997399912265417,3.587289025577313
-0.9344386827018558,0.8397009945797896,2.5400339593554,4.17752416474892
0.7772757519934771,1.7968792613468878,3.1089590844755337,4.030254116831742
0.8990627030523209,1.2630577981222402,1.5370356369322717,4.102955194451421
-0.01110123099196314,1.2817841662241467,2.0842509924784647,2.797653782142091
0.5447938562141483,1.7936810010376552,3.236408063171827,4.245634244863588
0.1459194876539689,1.687672842226102,2.7725092409695526,2.9318708301440974
1.089758999398014,0.9196623038096775,2.568991389820763,4.168204006775441
0.23603919731845546,0.985959162877537,2.866248624731251,2.308203358893311
0.6852695155589257,2.09648726894547,2.7448572131857767,2.6587300541201446
0.3172105791782418,1.7859050053227512,3.11949625871562,3.783394134739222
0.3236659670017397,1.1868585523037103,2.4993332597405984,3.0628572309755264
0.5128627880328636,1.4399457274578822,2.763474968497299,3.103372272062904
0.18996752877524836,1.7487284241796517,1.1139695149692912,3.005858553905206
0.5619109424645986,1.618029203100205,2.1267883956555553,2.9913606688492207
-0.330806001576714,2.5444932599195296,3.139189105634319,3.5633339023918573
0.9608416355781545,2.01251307070371,2.767612925429616,2.912021558194583
0.8770546024551784,1.6005900810747136,2.849241403603024,4.83480672123808
0.8977066748262984,0.7804641560376554,2.3134834979945214,2.713365318315887
0.3478969337969646,1.7788981909372321,2.263421732115603,5.578818264446932
0.44156904545359676,1.332289723504563,2.7994289284491876,3.7465636086727203
0.6376889033220117,2.0255051302068505,2.892269921596294,4.703989410278515
0.20743795743812155,0.7103814150340845,3.1493416449997853,3.350349993864331
0.3924348570931293,2.0655466335419996,3.0949444711904883,4.935629539313789
1.0013472707966562,1.4523047278147958,2.6547375106623963,2.8773335470805215
1.2247471317150276,1.776770903504138,2.404137304600417,4.17511628662883
1.0690816633912301,1.760422917329749,2.1012149915603597,4.358016739959044
0.42995735201013385,-0.006242728580258428,2.6227666609430136,2.984341383318866
0.22828679478579184,0.49646803618656876,2.2843262556574238,3.325474975565723
-0.10314276535181965,1.1656432241833508,2.1618668400318715,3.1783181795070243
1.4122991288409472,1.9171487853093314,2.8459200487182565,4.821736445307726
0.7450083787229549,0.13077247794578817,2.736859314481707,2.151679858350993
0.5622475502949272,1.1585088714763616,1.8999051692275328,4.371613802636779
0.7602301119612932,1.636374639631932,2.0490402962645935,3.25047514039364
0.6610862622461326,0.8814718146933511,3.4823745317335453,3.640017697397137
