episode_R,Reward Evolution
0,34.0
1,18.0
2,18.0
3,20.0
4,17.0
5,23.0
6,10.0
7,14.0
8,52.0
9,20.0
10,22.0
11,21.0
12,12.0
13,17.0
14,12.0
15,14.0
16,31.0
17,46.0
18,26.0
19,29.0
20,14.0
21,13.0
22,16.0
23,10.0
24,50.0
25,28.0
26,23.0
27,43.0
28,19.0
29,20.0
30,20.0
31,21.0
32,33.0
33,29.0
34,39.0
35,30.0
36,8.0
37,15.0
38,19.0
39,11.0
40,11.0
41,13.0
42,11.0
43,17.0
44,12.0
45,9.0
46,9.0
47,25.0
48,11.0
49,12.0
50,22.0
51,14.0
52,35.0
53,15.0
54,14.0
55,62.0
56,29.0
57,39.0
58,16.0
59,25.0
60,20.0
61,13.0
62,9.0
63,45.0
64,18.0
65,14.0
66,20.0
67,15.0
68,34.0
69,30.0
70,21.0
71,11.0
72,18.0
73,16.0
74,16.0
75,29.0
76,16.0
77,68.0
78,11.0
79,13.0
80,23.0
81,52.0
82,35.0
83,65.0
84,23.0
85,14.0
86,16.0
87,16.0
88,20.0
89,21.0
90,26.0
91,31.0
92,15.0
93,15.0
94,14.0
95,13.0
96,44.0
97,55.0
98,43.0
99,22.0
100,16.0
101,26.0
102,26.0
103,16.0
104,27.0
105,22.0
106,30.0
107,29.0
108,16.0
109,20.0
110,14.0
111,13.0
112,37.0
113,12.0
114,23.0
115,17.0
116,13.0
117,49.0
118,22.0
119,11.0
120,20.0
121,22.0
122,24.0
123,40.0
124,17.0
125,14.0
126,13.0
127,16.0
128,35.0
129,36.0
130,38.0
131,60.0
132,20.0
133,16.0
134,10.0
135,75.0
136,21.0
137,24.0
138,18.0
139,15.0
140,14.0
141,22.0
142,28.0
143,49.0
144,21.0
145,17.0
146,15.0
147,25.0
148,31.0
149,50.0
150,19.0
151,36.0
152,39.0
153,31.0
154,33.0
155,24.0
156,16.0
157,24.0
158,13.0
159,30.0
160,30.0
161,31.0
162,32.0
163,46.0
164,25.0
165,24.0
166,31.0
167,14.0
168,30.0
169,14.0
170,12.0
171,18.0
172,57.0
173,16.0
174,80.0
175,52.0
176,28.0
177,25.0
178,26.0
179,18.0
180,26.0
181,8.0
182,25.0
183,28.0
184,41.0
185,31.0
186,18.0
187,54.0
188,13.0
189,16.0
190,37.0
191,15.0
192,50.0
193,25.0
194,84.0
195,22.0
196,38.0
197,17.0
198,27.0
199,11.0
200,32.0
201,45.0
202,27.0
203,22.0
204,13.0
205,22.0
206,17.0
207,17.0
208,42.0
209,16.0
210,18.0
211,9.0
212,30.0
213,48.0
214,41.0
215,37.0
216,14.0
217,19.0
218,21.0
219,57.0
220,13.0
221,22.0
222,18.0
223,46.0
224,14.0
225,29.0
226,21.0
227,29.0
228,18.0
229,23.0
230,18.0
231,33.0
232,22.0
233,16.0
234,9.0
235,36.0
236,30.0
237,42.0
238,27.0
239,14.0
240,29.0
241,21.0
242,36.0
243,51.0
244,31.0
245,26.0
246,19.0
247,37.0
248,20.0
249,18.0
250,16.0
251,34.0
252,35.0
253,25.0
254,23.0
255,13.0
256,85.0
257,11.0
258,20.0
259,11.0
260,22.0
261,17.0
262,29.0
263,15.0
264,10.0
265,40.0
266,17.0
267,26.0
268,26.0
269,19.0
270,22.0
271,23.0
272,12.0
273,54.0
274,23.0
275,49.0
276,37.0
277,44.0
278,22.0
279,10.0
280,83.0
281,20.0
282,17.0
283,24.0
284,9.0
285,80.0
286,57.0
287,20.0
288,40.0
289,25.0
290,28.0
291,17.0
292,30.0
293,46.0
294,17.0
295,32.0
296,23.0
297,41.0
298,22.0
299,13.0
300,24.0
301,29.0
302,21.0
303,12.0
304,19.0
305,29.0
306,22.0
307,22.0
308,20.0
309,21.0
310,80.0
311,130.0
312,45.0
313,27.0
314,53.0
315,22.0
316,58.0
317,44.0
318,22.0
319,22.0
320,66.0
321,20.0
322,18.0
323,29.0
324,20.0
325,50.0
326,21.0
327,37.0
328,19.0
329,36.0
330,49.0
331,12.0
332,28.0
333,24.0
334,30.0
335,26.0
336,20.0
337,31.0
338,25.0
339,24.0
340,24.0
341,22.0
342,39.0
343,13.0
344,32.0
345,13.0
346,23.0
347,51.0
348,55.0
349,16.0
350,23.0
351,25.0
352,27.0
353,43.0
354,17.0
355,43.0
356,22.0
357,15.0
358,23.0
359,16.0
360,44.0
361,43.0
362,38.0
363,26.0
364,24.0
365,13.0
366,27.0
367,26.0
368,11.0
369,23.0
370,12.0
371,65.0
372,25.0
373,42.0
374,41.0
375,18.0
376,20.0
377,18.0
378,37.0
379,60.0
380,13.0
381,24.0
382,53.0
383,22.0
384,23.0
385,85.0
386,24.0
387,26.0
388,15.0
389,36.0
390,24.0
391,14.0
392,13.0
393,46.0
394,23.0
395,122.0
396,36.0
397,19.0
398,31.0
399,122.0
400,17.0
401,28.0
402,120.0
403,21.0
404,14.0
405,10.0
406,44.0
407,40.0
408,27.0
409,40.0
410,20.0
411,114.0
412,56.0
413,31.0
414,48.0
415,48.0
416,16.0
417,13.0
418,10.0
419,20.0
420,83.0
421,21.0
422,39.0
423,36.0
424,27.0
425,35.0
426,40.0
427,24.0
428,52.0
429,17.0
430,88.0
431,61.0
432,37.0
433,93.0
434,20.0
435,91.0
436,15.0
437,26.0
438,86.0
439,38.0
440,15.0
441,58.0
442,51.0
443,67.0
444,22.0
445,14.0
446,61.0
447,44.0
448,38.0
449,68.0
450,27.0
451,20.0
452,64.0
453,29.0
454,27.0
455,32.0
456,24.0
457,26.0
458,19.0
459,31.0
460,42.0
461,21.0
462,23.0
463,34.0
464,44.0
465,68.0
466,96.0
467,25.0
468,47.0
469,30.0
470,22.0
471,24.0
472,58.0
473,36.0
474,35.0
475,36.0
476,142.0
477,109.0
478,45.0
479,61.0
480,25.0
481,15.0
482,97.0
483,44.0
484,23.0
485,18.0
486,19.0
487,92.0
488,20.0
489,29.0
490,70.0
491,26.0
492,61.0
493,20.0
494,48.0
495,11.0
496,41.0
497,18.0
498,30.0
499,33.0
500,66.0
501,12.0
502,20.0
503,9.0
504,15.0
505,29.0
506,22.0
507,32.0
508,24.0
509,62.0
510,24.0
511,40.0
512,67.0
513,72.0
514,22.0
515,23.0
516,19.0
517,38.0
518,21.0
519,52.0
520,24.0
521,97.0
522,89.0
523,15.0
524,94.0
525,22.0
526,59.0
527,16.0
528,13.0
529,27.0
530,15.0
531,50.0
532,47.0
533,19.0
534,86.0
535,39.0
536,31.0
537,73.0
538,59.0
539,37.0
540,23.0
541,47.0
542,15.0
543,56.0
544,19.0
545,27.0
546,44.0
547,42.0
548,19.0
549,17.0
550,20.0
551,31.0
552,20.0
553,19.0
554,27.0
555,14.0
556,86.0
557,18.0
558,12.0
559,26.0
560,15.0
561,18.0
562,40.0
563,146.0
564,18.0
565,20.0
566,41.0
567,14.0
568,28.0
569,90.0
570,105.0
571,82.0
572,18.0
573,69.0
574,17.0
575,54.0
576,38.0
577,72.0
578,13.0
579,75.0
580,24.0
581,23.0
582,87.0
583,24.0
584,56.0
585,34.0
586,49.0
587,28.0
588,58.0
589,85.0
590,75.0
591,15.0
592,45.0
593,62.0
594,16.0
595,18.0
596,34.0
597,20.0
598,21.0
599,50.0
600,15.0
601,24.0
602,15.0
603,99.0
604,54.0
605,46.0
606,16.0
607,45.0
608,24.0
609,34.0
610,18.0
611,48.0
612,28.0
613,99.0
614,21.0
615,49.0
616,65.0
617,84.0
618,89.0
619,20.0
620,53.0
621,78.0
622,19.0
623,61.0
624,26.0
625,39.0
626,30.0
627,52.0
628,20.0
629,49.0
630,29.0
631,47.0
632,12.0
633,55.0
634,33.0
635,10.0
636,46.0
637,42.0
638,84.0
639,26.0
640,21.0
641,47.0
642,60.0
643,39.0
644,48.0
645,108.0
646,35.0
647,27.0
648,67.0
649,23.0
650,39.0
651,59.0
652,104.0
653,44.0
654,30.0
655,21.0
656,40.0
657,51.0
658,25.0
659,20.0
660,49.0
661,91.0
662,19.0
663,24.0
664,26.0
665,62.0
666,46.0
667,48.0
668,16.0
669,72.0
670,75.0
671,35.0
672,75.0
673,40.0
674,74.0
675,60.0
676,117.0
677,84.0
678,17.0
679,33.0
680,82.0
681,27.0
682,19.0
683,24.0
684,106.0
685,19.0
686,14.0
687,78.0
688,16.0
689,26.0
690,17.0
691,34.0
692,19.0
693,70.0
694,16.0
695,96.0
696,26.0
697,22.0
698,22.0
699,25.0
700,161.0
701,44.0
702,28.0
703,22.0
704,103.0
705,17.0
706,93.0
707,29.0
708,44.0
709,17.0
710,114.0
711,37.0
712,22.0
713,39.0
714,33.0
715,63.0
716,13.0
717,18.0
718,68.0
719,83.0
720,148.0
721,37.0
722,99.0
723,48.0
724,39.0
725,46.0
726,16.0
727,49.0
728,20.0
729,16.0
730,12.0
731,22.0
732,36.0
733,26.0
734,26.0
735,30.0
736,99.0
737,45.0
738,51.0
739,18.0
740,54.0
741,38.0
742,96.0
743,17.0
744,157.0
745,118.0
746,22.0
747,80.0
748,52.0
749,41.0
750,81.0
751,176.0
752,27.0
753,117.0
754,23.0
755,28.0
756,113.0
757,127.0
758,37.0
759,65.0
760,70.0
761,39.0
762,45.0
763,35.0
764,49.0
765,23.0
766,140.0
767,85.0
768,26.0
769,77.0
770,24.0
771,93.0
772,169.0
773,16.0
774,27.0
775,89.0
776,18.0
777,34.0
778,52.0
779,36.0
780,60.0
781,17.0
782,177.0
783,15.0
784,28.0
785,97.0
786,61.0
787,22.0
788,15.0
789,24.0
790,64.0
791,26.0
792,20.0
793,96.0
794,17.0
795,29.0
796,42.0
797,65.0
798,21.0
799,40.0
800,80.0
801,90.0
802,63.0
803,24.0
804,20.0
805,19.0
806,116.0
807,17.0
808,165.0
809,60.0
810,19.0
811,22.0
812,20.0
813,37.0
814,19.0
815,45.0
816,72.0
817,82.0
818,37.0
819,20.0
820,42.0
821,63.0
822,143.0
823,70.0
824,79.0
825,20.0
826,51.0
827,24.0
828,27.0
829,101.0
830,85.0
831,45.0
832,87.0
833,63.0
834,53.0
835,58.0
836,97.0
837,38.0
838,21.0
839,39.0
840,66.0
841,25.0
842,17.0
843,86.0
844,57.0
845,16.0
846,97.0
847,16.0
848,31.0
849,39.0
850,20.0
851,14.0
852,128.0
853,20.0
854,63.0
855,49.0
856,13.0
857,48.0
858,19.0
859,124.0
860,28.0
861,71.0
862,47.0
863,62.0
864,83.0
865,19.0
866,27.0
867,103.0
868,14.0
869,59.0
870,25.0
871,20.0
872,23.0
873,33.0
874,61.0
875,58.0
876,19.0
877,117.0
878,99.0
879,83.0
880,17.0
881,100.0
882,57.0
883,56.0
884,24.0
885,91.0
886,220.0
887,49.0
888,17.0
889,74.0
890,25.0
891,62.0
892,68.0
893,114.0
894,68.0
895,15.0
896,50.0
897,39.0
898,188.0
899,20.0
900,17.0
901,36.0
902,51.0
903,33.0
904,59.0
905,96.0
906,44.0
907,124.0
908,129.0
909,70.0
910,20.0
911,47.0
912,92.0
913,70.0
914,16.0
915,51.0
916,25.0
917,69.0
918,33.0
919,24.0
920,21.0
921,73.0
922,75.0
923,35.0
924,48.0
925,23.0
926,18.0
927,15.0
928,59.0
929,114.0
930,39.0
931,84.0
932,59.0
933,123.0
934,69.0
935,76.0
936,32.0
937,15.0
938,18.0
939,135.0
940,40.0
941,62.0
942,44.0
943,61.0
944,15.0
945,88.0
946,12.0
947,48.0
948,63.0
949,20.0
950,80.0
951,25.0
952,60.0
953,81.0
954,22.0
955,79.0
956,15.0
957,15.0
958,120.0
959,85.0
960,61.0
961,45.0
962,21.0
963,92.0
964,67.0
965,22.0
966,25.0
967,55.0
968,75.0
969,67.0
970,16.0
971,54.0
972,41.0
973,34.0
974,20.0
975,49.0
976,44.0
977,12.0
978,81.0
979,70.0
980,90.0
981,22.0
982,53.0
983,79.0
984,46.0
985,69.0
986,68.0
987,18.0
988,15.0
989,72.0
990,18.0
991,24.0
992,25.0
993,19.0
994,130.0
995,30.0
996,89.0
997,185.0
998,53.0
999,24.0
1000,114.0
1001,41.0
1002,54.0
1003,81.0
1004,68.0
1005,63.0
1006,57.0
1007,169.0
1008,78.0
1009,35.0
1010,52.0
1011,48.0
1012,62.0
1013,33.0
1014,90.0
1015,62.0
1016,51.0
1017,46.0
1018,70.0
1019,51.0
1020,20.0
1021,41.0
1022,33.0
1023,17.0
1024,125.0
1025,128.0
1026,22.0
1027,109.0
1028,86.0
1029,46.0
1030,74.0
1031,69.0
1032,39.0
1033,128.0
1034,92.0
1035,18.0
1036,29.0
1037,86.0
1038,63.0
1039,17.0
1040,82.0
1041,34.0
1042,33.0
1043,83.0
1044,23.0
1045,87.0
1046,76.0
1047,121.0
1048,85.0
1049,21.0
1050,17.0
1051,18.0
1052,61.0
1053,33.0
1054,104.0
1055,175.0
1056,54.0
1057,65.0
1058,29.0
1059,49.0
1060,53.0
1061,45.0
1062,172.0
1063,59.0
1064,44.0
1065,30.0
1066,115.0
1067,36.0
1068,104.0
1069,77.0
1070,41.0
1071,66.0
1072,17.0
1073,87.0
1074,98.0
1075,21.0
1076,55.0
1077,91.0
1078,33.0
1079,47.0
1080,125.0
1081,58.0
1082,75.0
1083,16.0
1084,54.0
1085,66.0
1086,19.0
1087,35.0
1088,76.0
1089,98.0
1090,79.0
1091,17.0
1092,26.0
1093,104.0
1094,91.0
1095,67.0
1096,18.0
1097,118.0
1098,73.0
1099,40.0
1100,114.0
1101,136.0
1102,114.0
1103,123.0
1104,128.0
1105,41.0
1106,134.0
1107,91.0
1108,71.0
1109,50.0
1110,105.0
1111,64.0
1112,129.0
1113,136.0
1114,78.0
1115,85.0
1116,40.0
1117,19.0
1118,30.0
1119,85.0
1120,54.0
1121,50.0
1122,90.0
1123,100.0
1124,129.0
1125,73.0
1126,62.0
1127,161.0
1128,67.0
1129,32.0
1130,63.0
1131,61.0
1132,64.0
1133,26.0
1134,77.0
1135,76.0
1136,37.0
1137,96.0
1138,83.0
1139,78.0
1140,33.0
1141,60.0
1142,15.0
1143,47.0
1144,87.0
1145,117.0
1146,74.0
1147,16.0
1148,44.0
1149,128.0
1150,90.0
1151,95.0
1152,63.0
1153,31.0
1154,58.0
1155,30.0
1156,63.0
1157,62.0
1158,97.0
1159,21.0
1160,46.0
1161,112.0
1162,47.0
1163,40.0
1164,107.0
1165,14.0
1166,46.0
1167,49.0
1168,89.0
1169,21.0
1170,87.0
1171,71.0
1172,122.0
1173,41.0
1174,21.0
1175,15.0
1176,83.0
1177,42.0
1178,73.0
1179,21.0
1180,136.0
1181,59.0
1182,35.0
1183,37.0
1184,58.0
1185,35.0
1186,53.0
1187,31.0
1188,50.0
1189,52.0
1190,132.0
1191,22.0
1192,197.0
1193,32.0
1194,24.0
1195,40.0
1196,69.0
1197,17.0
1198,75.0
1199,18.0
1200,106.0
1201,13.0
1202,116.0
1203,107.0
1204,75.0
1205,21.0
1206,62.0
1207,33.0
1208,50.0
1209,24.0
1210,89.0
1211,94.0
1212,23.0
1213,84.0
1214,42.0
1215,27.0
1216,84.0
1217,60.0
1218,99.0
1219,21.0
1220,126.0
1221,91.0
1222,82.0
1223,76.0
1224,25.0
1225,32.0
1226,22.0
1227,29.0
1228,110.0
1229,37.0
1230,77.0
1231,54.0
1232,51.0
1233,133.0
1234,49.0
1235,125.0
1236,19.0
1237,11.0
1238,23.0
1239,87.0
1240,80.0
1241,149.0
1242,16.0
1243,117.0
1244,33.0
1245,61.0
1246,184.0
1247,248.0
1248,127.0
1249,45.0
1250,37.0
1251,95.0
1252,20.0
1253,68.0
1254,85.0
1255,66.0
1256,28.0
1257,106.0
1258,18.0
1259,29.0
1260,19.0
1261,90.0
1262,60.0
1263,28.0
1264,83.0
1265,44.0
1266,71.0
1267,46.0
1268,71.0
1269,51.0
1270,34.0
1271,163.0
1272,48.0
1273,24.0
1274,21.0
1275,19.0
1276,49.0
1277,22.0
1278,212.0
1279,96.0
1280,301.0
1281,36.0
1282,56.0
1283,82.0
1284,23.0
1285,113.0
1286,78.0
1287,17.0
1288,43.0
1289,94.0
1290,19.0
1291,182.0
1292,137.0
1293,31.0
1294,101.0
1295,41.0
1296,71.0
1297,79.0
1298,77.0
1299,18.0
1300,87.0
1301,89.0
1302,59.0
1303,94.0
1304,52.0
1305,44.0
1306,78.0
1307,30.0
1308,76.0
1309,34.0
1310,94.0
1311,74.0
1312,116.0
1313,88.0
1314,85.0
1315,220.0
1316,69.0
1317,15.0
1318,23.0
1319,53.0
1320,24.0
1321,71.0
1322,28.0
1323,30.0
1324,42.0
1325,301.0
1326,111.0
1327,86.0
1328,69.0
1329,205.0
1330,53.0
1331,85.0
1332,117.0
1333,26.0
1334,156.0
1335,66.0
1336,38.0
1337,10.0
1338,69.0
1339,86.0
1340,88.0
1341,67.0
1342,111.0
1343,39.0
1344,34.0
1345,60.0
1346,27.0
1347,60.0
1348,32.0
1349,96.0
1350,159.0
1351,62.0
1352,68.0
1353,190.0
1354,188.0
1355,40.0
1356,89.0
1357,109.0
1358,162.0
1359,173.0
1360,28.0
1361,119.0
1362,82.0
1363,78.0
1364,40.0
1365,166.0
1366,74.0
1367,129.0
1368,22.0
1369,42.0
1370,95.0
1371,29.0
1372,94.0
1373,78.0
1374,70.0
1375,86.0
1376,25.0
1377,26.0
1378,100.0
1379,90.0
1380,61.0
1381,20.0
1382,33.0
1383,55.0
1384,45.0
1385,168.0
1386,178.0
1387,67.0
1388,51.0
1389,81.0
1390,108.0
1391,30.0
1392,98.0
1393,92.0
1394,65.0
1395,77.0
1396,120.0
1397,39.0
1398,87.0
1399,110.0
1400,23.0
1401,197.0
1402,173.0
1403,160.0
1404,100.0
1405,67.0
1406,133.0
1407,26.0
1408,41.0
1409,133.0
1410,107.0
1411,87.0
1412,280.0
1413,299.0
1414,63.0
1415,75.0
1416,14.0
1417,56.0
1418,36.0
1419,48.0
1420,39.0
1421,16.0
1422,99.0
1423,154.0
1424,115.0
1425,45.0
1426,49.0
1427,40.0
1428,77.0
1429,136.0
1430,72.0
1431,72.0
1432,149.0
1433,78.0
1434,154.0
1435,47.0
1436,28.0
1437,267.0
1438,32.0
1439,74.0
1440,63.0
1441,40.0
1442,258.0
1443,88.0
1444,29.0
1445,263.0
1446,29.0
1447,50.0
1448,37.0
1449,34.0
1450,40.0
1451,138.0
1452,22.0
1453,91.0
1454,224.0
1455,198.0
1456,141.0
1457,16.0
1458,30.0
1459,39.0
1460,51.0
1461,76.0
1462,158.0
1463,61.0
1464,74.0
1465,32.0
1466,94.0
1467,81.0
1468,66.0
1469,78.0
1470,40.0
1471,61.0
1472,36.0
1473,43.0
1474,73.0
1475,83.0
1476,40.0
1477,35.0
1478,65.0
1479,58.0
1480,53.0
1481,122.0
1482,83.0
1483,18.0
1484,85.0
1485,59.0
1486,23.0
1487,23.0
1488,65.0
1489,43.0
1490,75.0
1491,79.0
1492,20.0
1493,130.0
1494,44.0
1495,59.0
1496,113.0
1497,61.0
1498,59.0
1499,111.0
1500,17.0
1501,94.0
1502,85.0
1503,124.0
1504,70.0
1505,42.0
1506,70.0
1507,72.0
1508,61.0
1509,186.0
1510,63.0
1511,38.0
1512,89.0
1513,96.0
1514,23.0
1515,59.0
1516,103.0
1517,18.0
1518,46.0
1519,61.0
1520,46.0
1521,60.0
1522,217.0
1523,36.0
1524,56.0
1525,49.0
1526,71.0
1527,15.0
1528,42.0
1529,47.0
1530,74.0
1531,209.0
1532,33.0
1533,81.0
1534,24.0
1535,27.0
1536,59.0
1537,153.0
1538,99.0
1539,86.0
1540,16.0
1541,44.0
1542,130.0
1543,34.0
1544,69.0
1545,38.0
1546,189.0
1547,133.0
1548,21.0
1549,74.0
1550,68.0
1551,23.0
1552,28.0
1553,46.0
1554,123.0
1555,48.0
1556,39.0
1557,50.0
1558,97.0
1559,146.0
1560,14.0
1561,90.0
1562,113.0
1563,21.0
1564,26.0
1565,53.0
1566,32.0
1567,72.0
1568,52.0
1569,71.0
1570,54.0
1571,66.0
1572,19.0
1573,65.0
1574,221.0
1575,48.0
1576,86.0
1577,24.0
1578,23.0
1579,180.0
1580,30.0
1581,130.0
1582,77.0
1583,22.0
1584,117.0
1585,157.0
1586,73.0
1587,104.0
1588,90.0
1589,39.0
1590,181.0
1591,86.0
1592,78.0
1593,53.0
1594,19.0
1595,86.0
1596,35.0
1597,92.0
1598,163.0
1599,117.0
1600,24.0
1601,29.0
1602,31.0
1603,108.0
1604,157.0
1605,61.0
1606,122.0
1607,51.0
1608,95.0
1609,96.0
1610,108.0
1611,96.0
1612,36.0
1613,73.0
1614,83.0
1615,59.0
1616,186.0
1617,164.0
1618,77.0
1619,70.0
1620,88.0
1621,19.0
1622,105.0
1623,91.0
1624,56.0
1625,34.0
1626,86.0
1627,43.0
1628,67.0
1629,133.0
1630,104.0
1631,92.0
1632,27.0
1633,46.0
1634,149.0
1635,136.0
1636,55.0
1637,101.0
1638,70.0
1639,96.0
1640,63.0
1641,40.0
1642,16.0
1643,41.0
1644,17.0
1645,125.0
1646,20.0
1647,27.0
1648,74.0
1649,114.0
1650,72.0
1651,69.0
1652,26.0
1653,119.0
1654,33.0
1655,17.0
1656,66.0
1657,152.0
1658,50.0
1659,152.0
1660,109.0
1661,17.0
1662,48.0
1663,46.0
1664,49.0
1665,59.0
1666,33.0
1667,25.0
1668,99.0
1669,95.0
1670,114.0
1671,165.0
1672,119.0
1673,50.0
1674,86.0
1675,28.0
1676,74.0
1677,72.0
1678,18.0
1679,201.0
1680,84.0
1681,71.0
1682,30.0
1683,137.0
1684,84.0
1685,49.0
1686,37.0
1687,149.0
1688,24.0
1689,199.0
1690,198.0
1691,25.0
1692,134.0
1693,29.0
1694,24.0
1695,148.0
1696,42.0
1697,75.0
1698,48.0
1699,82.0
1700,73.0
1701,22.0
1702,87.0
1703,99.0
1704,99.0
1705,63.0
1706,34.0
1707,351.0
1708,109.0
1709,93.0
1710,71.0
1711,68.0
1712,19.0
1713,151.0
1714,42.0
1715,24.0
1716,73.0
1717,96.0
1718,38.0
1719,152.0
1720,65.0
1721,67.0
1722,80.0
1723,74.0
1724,112.0
1725,42.0
1726,78.0
1727,44.0
1728,98.0
1729,27.0
1730,71.0
1731,31.0
1732,44.0
1733,71.0
1734,40.0
1735,37.0
1736,66.0
1737,56.0
1738,127.0
1739,29.0
1740,24.0
1741,93.0
1742,145.0
1743,69.0
1744,72.0
1745,141.0
1746,48.0
1747,114.0
1748,82.0
1749,67.0
1750,83.0
1751,45.0
1752,66.0
1753,154.0
1754,92.0
1755,56.0
1756,64.0
1757,15.0
1758,29.0
1759,55.0
1760,45.0
1761,92.0
1762,55.0
1763,161.0
1764,113.0
1765,186.0
1766,85.0
1767,151.0
1768,90.0
1769,121.0
1770,90.0
1771,128.0
1772,59.0
1773,72.0
1774,195.0
1775,147.0
1776,82.0
1777,127.0
1778,165.0
1779,74.0
1780,55.0
1781,98.0
1782,199.0
1783,74.0
1784,40.0
1785,92.0
1786,63.0
1787,65.0
1788,61.0
1789,49.0
1790,76.0
1791,171.0
1792,316.0
1793,72.0
1794,109.0
1795,30.0
1796,143.0
1797,63.0
1798,60.0
1799,104.0
1800,20.0
1801,83.0
1802,60.0
1803,104.0
1804,105.0
1805,30.0
1806,58.0
1807,340.0
1808,157.0
1809,95.0
1810,97.0
1811,33.0
1812,95.0
1813,21.0
1814,56.0
1815,111.0
1816,80.0
1817,20.0
1818,132.0
1819,48.0
1820,61.0
1821,54.0
1822,24.0
1823,85.0
1824,37.0
1825,80.0
1826,89.0
1827,181.0
1828,110.0
1829,82.0
1830,91.0
1831,148.0
1832,97.0
1833,103.0
1834,77.0
1835,150.0
1836,143.0
1837,75.0
1838,81.0
1839,63.0
1840,59.0
1841,17.0
1842,167.0
1843,81.0
1844,64.0
1845,49.0
1846,212.0
1847,28.0
1848,122.0
1849,34.0
1850,209.0
1851,72.0
1852,73.0
1853,31.0
1854,76.0
1855,67.0
1856,67.0
1857,63.0
1858,47.0
1859,51.0
1860,181.0
1861,163.0
1862,99.0
1863,173.0
1864,45.0
1865,148.0
1866,50.0
1867,228.0
1868,81.0
1869,88.0
1870,149.0
1871,318.0
1872,27.0
1873,49.0
1874,35.0
1875,173.0
1876,87.0
1877,104.0
1878,69.0
1879,128.0
1880,53.0
1881,98.0
1882,61.0
1883,33.0
1884,83.0
1885,61.0
1886,76.0
1887,31.0
1888,41.0
1889,168.0
1890,76.0
1891,477.0
1892,67.0
1893,76.0
1894,186.0
1895,144.0
1896,156.0
1897,66.0
1898,36.0
1899,42.0
1900,17.0
1901,127.0
1902,121.0
1903,110.0
1904,28.0
1905,159.0
1906,103.0
1907,81.0
1908,125.0
1909,58.0
1910,38.0
1911,23.0
1912,182.0
1913,108.0
1914,219.0
1915,37.0
1916,132.0
1917,100.0
1918,260.0
1919,270.0
1920,114.0
1921,85.0
1922,62.0
1923,90.0
1924,43.0
1925,38.0
1926,30.0
1927,100.0
1928,65.0
1929,63.0
1930,124.0
1931,31.0
1932,103.0
1933,102.0
1934,138.0
1935,83.0
1936,192.0
1937,225.0
1938,72.0
1939,144.0
1940,35.0
1941,66.0
1942,203.0
1943,59.0
1944,75.0
1945,89.0
1946,70.0
1947,59.0
1948,45.0
1949,50.0
1950,142.0
1951,142.0
1952,106.0
1953,67.0
1954,57.0
1955,86.0
1956,14.0
1957,42.0
1958,98.0
1959,175.0
1960,41.0
1961,74.0
1962,90.0
1963,92.0
1964,25.0
1965,21.0
1966,35.0
1967,67.0
1968,102.0
1969,24.0
1970,37.0
1971,104.0
1972,48.0
1973,75.0
1974,55.0
1975,62.0
1976,105.0
1977,13.0
1978,62.0
1979,113.0
1980,95.0
1981,29.0
1982,57.0
1983,177.0
1984,158.0
1985,63.0
1986,105.0
1987,279.0
1988,108.0
1989,133.0
1990,90.0
1991,79.0
1992,89.0
1993,112.0
1994,64.0
1995,329.0
1996,15.0
1997,39.0
1998,212.0
1999,102.0
2000,191.0
2001,66.0
2002,143.0
2003,80.0
2004,360.0
2005,28.0
2006,92.0
2007,133.0
2008,63.0
2009,40.0
2010,105.0
2011,66.0
2012,67.0
2013,104.0
2014,63.0
2015,136.0
2016,73.0
2017,53.0
2018,179.0
2019,80.0
2020,88.0
2021,97.0
2022,98.0
2023,126.0
2024,47.0
2025,44.0
2026,45.0
2027,59.0
2028,82.0
2029,84.0
2030,212.0
2031,297.0
2032,54.0
2033,51.0
2034,44.0
2035,28.0
2036,150.0
2037,158.0
2038,55.0
2039,73.0
2040,134.0
2041,49.0
2042,158.0
2043,51.0
2044,106.0
2045,66.0
2046,28.0
2047,61.0
2048,38.0
2049,69.0
2050,123.0
2051,123.0
2052,21.0
2053,23.0
2054,163.0
2055,45.0
2056,111.0
2057,69.0
2058,21.0
2059,31.0
2060,73.0
2061,45.0
2062,111.0
2063,120.0
2064,148.0
2065,22.0
2066,228.0
2067,64.0
2068,375.0
2069,97.0
2070,25.0
2071,51.0
2072,34.0
2073,21.0
2074,39.0
2075,48.0
2076,51.0
2077,116.0
2078,55.0
2079,32.0
2080,148.0
2081,28.0
2082,189.0
2083,109.0
2084,16.0
2085,89.0
2086,244.0
2087,120.0
2088,30.0
2089,84.0
2090,37.0
2091,19.0
2092,105.0
2093,101.0
2094,101.0
2095,40.0
2096,102.0
2097,73.0
2098,19.0
2099,169.0
2100,234.0
2101,73.0
2102,197.0
2103,44.0
2104,20.0
2105,82.0
2106,44.0
2107,47.0
2108,18.0
2109,271.0
2110,24.0
2111,19.0
2112,146.0
2113,39.0
2114,193.0
2115,35.0
2116,58.0
2117,117.0
2118,60.0
2119,47.0
2120,50.0
2121,42.0
2122,67.0
2123,24.0
2124,91.0
2125,18.0
2126,184.0
2127,86.0
2128,163.0
2129,149.0
2130,205.0
2131,84.0
2132,91.0
2133,67.0
2134,100.0
2135,192.0
2136,158.0
2137,29.0
2138,92.0
2139,80.0
2140,146.0
2141,54.0
2142,37.0
2143,48.0
2144,64.0
2145,59.0
2146,24.0
2147,104.0
2148,106.0
2149,105.0
2150,71.0
2151,73.0
2152,184.0
2153,73.0
2154,129.0
2155,167.0
2156,127.0
2157,48.0
2158,29.0
2159,120.0
2160,75.0
2161,76.0
2162,76.0
2163,56.0
2164,198.0
2165,78.0
2166,80.0
2167,253.0
2168,21.0
2169,106.0
2170,49.0
2171,51.0
2172,42.0
2173,44.0
2174,70.0
2175,82.0
2176,26.0
2177,246.0
2178,134.0
2179,63.0
2180,27.0
2181,19.0
2182,128.0
2183,82.0
2184,141.0
2185,162.0
2186,43.0
2187,118.0
2188,52.0
2189,105.0
2190,55.0
2191,72.0
2192,83.0
2193,125.0
2194,126.0
2195,58.0
2196,93.0
2197,68.0
2198,104.0
2199,83.0
2200,74.0
2201,72.0
2202,97.0
2203,102.0
2204,96.0
2205,73.0
2206,97.0
2207,21.0
2208,35.0
2209,24.0
2210,180.0
2211,36.0
2212,85.0
2213,23.0
2214,66.0
2215,38.0
2216,76.0
2217,59.0
2218,43.0
2219,39.0
2220,41.0
2221,102.0
2222,33.0
2223,184.0
2224,105.0
2225,75.0
2226,70.0
2227,69.0
2228,101.0
2229,26.0
2230,46.0
2231,45.0
2232,91.0
2233,55.0
2234,65.0
2235,46.0
2236,99.0
2237,31.0
2238,107.0
2239,46.0
2240,75.0
2241,71.0
2242,61.0
2243,110.0
2244,162.0
2245,74.0
2246,77.0
2247,41.0
2248,94.0
2249,154.0
2250,84.0
2251,18.0
2252,69.0
2253,93.0
2254,116.0
2255,129.0
2256,53.0
2257,74.0
2258,175.0
2259,45.0
2260,56.0
2261,199.0
2262,140.0
2263,92.0
2264,111.0
2265,219.0
2266,64.0
2267,49.0
2268,48.0
2269,67.0
2270,56.0
2271,29.0
2272,173.0
2273,91.0
2274,134.0
2275,119.0
2276,120.0
2277,47.0
2278,87.0
2279,23.0
2280,23.0
2281,76.0
2282,55.0
2283,68.0
2284,122.0
2285,36.0
2286,57.0
2287,93.0
2288,39.0
2289,54.0
2290,85.0
2291,279.0
2292,129.0
2293,154.0
2294,35.0
2295,45.0
2296,168.0
2297,50.0
2298,90.0
2299,107.0
2300,169.0
2301,115.0
2302,126.0
2303,102.0
2304,88.0
2305,183.0
2306,29.0
2307,91.0
2308,106.0
2309,102.0
2310,26.0
2311,37.0
2312,20.0
2313,44.0
2314,48.0
2315,91.0
2316,225.0
2317,68.0
2318,77.0
2319,103.0
2320,254.0
2321,99.0
2322,80.0
2323,77.0
2324,21.0
2325,194.0
2326,52.0
2327,100.0
2328,183.0
2329,74.0
2330,57.0
2331,179.0
2332,72.0
2333,100.0
2334,177.0
2335,79.0
2336,39.0
2337,44.0
2338,32.0
2339,387.0
2340,46.0
2341,239.0
2342,288.0
2343,100.0
2344,28.0
2345,112.0
2346,61.0
2347,126.0
2348,46.0
2349,64.0
2350,64.0
2351,73.0
2352,133.0
2353,89.0
2354,56.0
2355,96.0
2356,132.0
2357,70.0
2358,120.0
2359,44.0
2360,43.0
2361,26.0
2362,38.0
2363,116.0
2364,65.0
2365,38.0
2366,43.0
2367,186.0
2368,36.0
2369,92.0
2370,45.0
2371,45.0
2372,315.0
2373,143.0
2374,51.0
2375,45.0
2376,103.0
2377,74.0
2378,25.0
2379,96.0
2380,47.0
2381,103.0
2382,46.0
2383,238.0
2384,147.0
2385,67.0
2386,43.0
2387,116.0
2388,80.0
2389,62.0
2390,33.0
2391,42.0
2392,80.0
2393,66.0
2394,130.0
2395,196.0
2396,33.0
2397,57.0
2398,124.0
2399,117.0
2400,72.0
2401,36.0
2402,15.0
2403,67.0
2404,81.0
2405,60.0
2406,92.0
2407,88.0
2408,99.0
2409,37.0
2410,71.0
2411,119.0
2412,153.0
2413,37.0
2414,157.0
2415,91.0
2416,113.0
2417,55.0
2418,51.0
2419,48.0
2420,143.0
2421,140.0
2422,46.0
2423,56.0
2424,56.0
2425,86.0
2426,38.0
2427,66.0
2428,52.0
2429,138.0
2430,255.0
2431,21.0
2432,32.0
2433,154.0
2434,52.0
2435,44.0
2436,86.0
2437,95.0
2438,67.0
2439,229.0
2440,34.0
2441,35.0
2442,125.0
2443,135.0
2444,178.0
2445,84.0
2446,137.0
2447,174.0
2448,24.0
2449,83.0
2450,61.0
2451,86.0
2452,40.0
2453,175.0
2454,54.0
2455,91.0
2456,124.0
2457,73.0
2458,13.0
2459,70.0
2460,36.0
2461,42.0
2462,155.0
2463,62.0
2464,70.0
2465,81.0
2466,164.0
2467,55.0
2468,49.0
2469,42.0
2470,83.0
2471,28.0
2472,83.0
2473,95.0
2474,44.0
2475,88.0
2476,45.0
2477,38.0
2478,77.0
2479,27.0
2480,158.0
2481,137.0
2482,61.0
2483,42.0
2484,63.0
2485,58.0
2486,223.0
2487,335.0
2488,37.0
2489,63.0
2490,26.0
2491,122.0
2492,96.0
2493,58.0
2494,92.0
2495,82.0
2496,38.0
2497,83.0
2498,130.0
2499,39.0
2500,69.0
2501,47.0
2502,38.0
2503,34.0
2504,152.0
2505,119.0
2506,52.0
2507,145.0
2508,77.0
2509,92.0
2510,78.0
2511,147.0
2512,122.0
2513,17.0
2514,43.0
2515,82.0
2516,142.0
2517,152.0
2518,98.0
2519,103.0
2520,31.0
2521,111.0
2522,57.0
2523,104.0
2524,68.0
2525,100.0
2526,278.0
2527,122.0
2528,254.0
2529,201.0
2530,71.0
2531,85.0
2532,140.0
2533,126.0
2534,114.0
2535,137.0
2536,96.0
2537,48.0
2538,90.0
2539,135.0
2540,103.0
2541,84.0
2542,66.0
2543,76.0
2544,118.0
2545,128.0
2546,87.0
2547,68.0
2548,78.0
2549,44.0
2550,137.0
2551,88.0
2552,116.0
2553,157.0
2554,85.0
2555,59.0
2556,104.0
2557,111.0
2558,93.0
2559,82.0
2560,113.0
2561,59.0
2562,75.0
2563,32.0
2564,52.0
2565,178.0
2566,43.0
2567,124.0
2568,133.0
2569,51.0
2570,99.0
2571,32.0
2572,46.0
2573,193.0
2574,82.0
2575,41.0
2576,188.0
2577,93.0
2578,100.0
2579,117.0
2580,103.0
2581,70.0
2582,80.0
2583,97.0
2584,54.0
2585,65.0
2586,139.0
2587,99.0
2588,71.0
2589,140.0
2590,173.0
2591,80.0
2592,106.0
2593,309.0
2594,63.0
2595,139.0
2596,45.0
2597,108.0
2598,135.0
2599,56.0
2600,81.0
2601,95.0
2602,113.0
2603,49.0
2604,132.0
2605,41.0
2606,207.0
2607,51.0
2608,109.0
2609,104.0
2610,50.0
2611,242.0
2612,118.0
2613,74.0
2614,60.0
2615,67.0
2616,120.0
2617,133.0
2618,113.0
2619,166.0
2620,61.0
2621,87.0
2622,41.0
2623,112.0
2624,24.0
2625,105.0
2626,143.0
2627,36.0
2628,97.0
2629,37.0
2630,86.0
2631,69.0
2632,32.0
2633,78.0
2634,70.0
2635,89.0
2636,111.0
2637,134.0
2638,82.0
2639,97.0
2640,77.0
2641,47.0
2642,46.0
2643,52.0
2644,86.0
2645,58.0
2646,42.0
2647,170.0
2648,46.0
2649,95.0
2650,54.0
2651,44.0
2652,85.0
2653,75.0
2654,104.0
2655,73.0
2656,154.0
2657,135.0
2658,62.0
2659,60.0
2660,172.0
2661,86.0
2662,65.0
2663,40.0
2664,87.0
2665,122.0
2666,69.0
2667,105.0
2668,152.0
2669,82.0
2670,54.0
2671,118.0
2672,15.0
2673,161.0
2674,67.0
2675,107.0
2676,66.0
2677,80.0
2678,47.0
2679,118.0
2680,52.0
2681,68.0
2682,51.0
2683,58.0
2684,87.0
2685,279.0
2686,270.0
2687,257.0
2688,169.0
2689,58.0
2690,52.0
2691,215.0
2692,124.0
2693,111.0
2694,56.0
2695,131.0
2696,204.0
2697,123.0
2698,60.0
2699,131.0
2700,62.0
2701,151.0
2702,107.0
2703,98.0
2704,194.0
2705,81.0
2706,127.0
2707,71.0
2708,75.0
2709,76.0
2710,74.0
2711,137.0
2712,62.0
2713,103.0
2714,80.0
2715,84.0
2716,57.0
2717,94.0
2718,91.0
2719,93.0
2720,165.0
2721,222.0
2722,63.0
2723,98.0
2724,195.0
2725,97.0
2726,25.0
2727,81.0
2728,79.0
2729,73.0
2730,45.0
2731,47.0
2732,41.0
2733,43.0
2734,52.0
2735,74.0
2736,95.0
2737,77.0
2738,140.0
2739,85.0
2740,69.0
2741,53.0
2742,138.0
2743,115.0
2744,63.0
2745,42.0
2746,45.0
2747,109.0
2748,105.0
2749,120.0
2750,78.0
2751,40.0
2752,64.0
2753,58.0
2754,57.0
2755,95.0
2756,110.0
2757,146.0
2758,74.0
2759,62.0
2760,119.0
2761,41.0
2762,93.0
2763,89.0
2764,115.0
2765,146.0
2766,184.0
2767,198.0
2768,93.0
2769,82.0
2770,181.0
2771,48.0
2772,128.0
2773,48.0
2774,68.0
2775,171.0
2776,58.0
2777,79.0
2778,105.0
2779,98.0
2780,63.0
2781,30.0
2782,80.0
2783,259.0
2784,160.0
2785,135.0
2786,27.0
2787,253.0
2788,112.0
2789,128.0
2790,39.0
2791,51.0
2792,197.0
2793,113.0
2794,86.0
2795,74.0
2796,46.0
2797,120.0
2798,192.0
2799,88.0
2800,230.0
2801,141.0
2802,93.0
2803,66.0
2804,49.0
2805,77.0
2806,129.0
2807,63.0
2808,78.0
2809,128.0
2810,137.0
2811,246.0
2812,85.0
2813,43.0
2814,124.0
2815,106.0
2816,89.0
2817,61.0
2818,71.0
2819,87.0
2820,64.0
2821,316.0
2822,119.0
2823,101.0
2824,261.0
2825,153.0
2826,141.0
2827,73.0
2828,53.0
2829,110.0
2830,70.0
2831,74.0
2832,102.0
2833,49.0
2834,66.0
2835,89.0
2836,54.0
2837,43.0
2838,89.0
2839,53.0
2840,212.0
2841,50.0
2842,113.0
2843,173.0
2844,22.0
2845,40.0
2846,115.0
2847,75.0
2848,100.0
2849,157.0
2850,86.0
2851,78.0
2852,100.0
2853,79.0
2854,70.0
2855,112.0
2856,139.0
2857,82.0
2858,99.0
2859,42.0
2860,58.0
2861,64.0
2862,83.0
2863,118.0
2864,44.0
2865,113.0
2866,109.0
2867,78.0
2868,101.0
2869,80.0
2870,64.0
2871,79.0
2872,150.0
2873,43.0
2874,65.0
2875,98.0
2876,101.0
2877,70.0
2878,237.0
2879,76.0
2880,186.0
2881,41.0
2882,169.0
2883,63.0
2884,103.0
2885,132.0
2886,63.0
2887,142.0
2888,49.0
2889,96.0
2890,82.0
2891,111.0
2892,150.0
2893,135.0
2894,112.0
2895,33.0
2896,44.0
2897,89.0
2898,44.0
2899,109.0
2900,93.0
2901,39.0
2902,62.0
2903,88.0
2904,44.0
2905,125.0
2906,50.0
2907,95.0
2908,150.0
2909,172.0
2910,65.0
2911,383.0
2912,93.0
2913,45.0
2914,38.0
2915,119.0
2916,148.0
2917,243.0
2918,165.0
2919,120.0
2920,135.0
2921,86.0
2922,59.0
2923,46.0
2924,91.0
2925,31.0
2926,83.0
2927,85.0
2928,96.0
2929,177.0
2930,59.0
2931,161.0
2932,53.0
2933,130.0
2934,57.0
2935,83.0
2936,79.0
2937,83.0
2938,103.0
2939,100.0
2940,56.0
2941,47.0
2942,69.0
2943,136.0
2944,65.0
2945,69.0
2946,87.0
2947,99.0
2948,131.0
2949,74.0
2950,71.0
2951,242.0
2952,118.0
2953,118.0
2954,98.0
2955,40.0
2956,95.0
2957,183.0
2958,110.0
2959,67.0
2960,233.0
2961,73.0
2962,156.0
2963,70.0
2964,27.0
2965,106.0
2966,45.0
2967,76.0
2968,53.0
2969,126.0
2970,125.0
2971,50.0
2972,63.0
2973,145.0
2974,129.0
2975,76.0
2976,92.0
2977,134.0
2978,118.0
2979,98.0
2980,107.0
2981,134.0
2982,80.0
2983,114.0
2984,107.0
2985,69.0
2986,9.0
2987,71.0
2988,124.0
2989,97.0
2990,59.0
2991,105.0
2992,119.0
2993,65.0
2994,121.0
2995,67.0
2996,29.0
2997,103.0
2998,59.0
2999,91.0
