epsiode_R,Reward Evolution
1,30.0
2,17.0
3,38.0
4,31.0
5,11.0
6,24.0
7,11.0
8,38.0
9,20.0
10,10.0
11,15.0
12,18.0
13,17.0
14,16.0
15,11.0
16,10.0
17,28.0
18,15.0
19,20.0
20,16.0
21,14.0
22,13.0
23,19.0
24,18.0
25,17.0
26,25.0
27,20.0
28,16.0
29,11.0
30,40.0
31,51.0
32,30.0
33,15.0
34,64.0
35,31.0
36,11.0
37,39.0
38,19.0
39,15.0
40,9.0
41,13.0
42,17.0
43,14.0
44,64.0
45,15.0
46,27.0
47,27.0
48,30.0
49,14.0
50,44.0
51,32.0
52,26.0
53,16.0
54,43.0
55,35.0
56,27.0
57,16.0
58,14.0
59,29.0
60,16.0
61,14.0
62,43.0
63,11.0
64,33.0
65,9.0
66,21.0
67,16.0
68,23.0
69,9.0
70,17.0
71,28.0
72,14.0
73,16.0
74,31.0
75,20.0
76,10.0
77,18.0
78,19.0
79,24.0
80,34.0
81,17.0
82,30.0
83,15.0
84,29.0
85,15.0
86,31.0
87,20.0
88,16.0
89,58.0
90,11.0
91,33.0
92,12.0
93,20.0
94,23.0
95,31.0
96,8.0
97,24.0
98,15.0
99,33.0
100,21.0
101,26.0
102,13.0
103,21.0
104,18.0
105,26.0
106,14.0
107,28.0
108,42.0
109,26.0
110,15.0
111,18.0
112,35.0
113,18.0
114,13.0
115,21.0
116,19.0
117,13.0
118,11.0
119,12.0
120,20.0
121,18.0
122,18.0
123,9.0
124,55.0
125,46.0
126,16.0
127,13.0
128,12.0
129,23.0
130,24.0
131,52.0
132,25.0
133,11.0
134,34.0
135,9.0
136,14.0
137,17.0
138,13.0
139,39.0
140,31.0
141,26.0
142,27.0
143,13.0
144,24.0
145,19.0
146,24.0
147,12.0
148,46.0
149,11.0
150,9.0
151,24.0
152,13.0
153,63.0
154,13.0
155,13.0
156,30.0
157,16.0
158,20.0
159,14.0
160,33.0
161,14.0
162,41.0
163,16.0
164,20.0
165,23.0
166,16.0
167,26.0
168,21.0
169,11.0
170,21.0
171,24.0
172,20.0
173,18.0
174,11.0
175,16.0
176,38.0
177,21.0
178,26.0
179,32.0
180,23.0
181,15.0
182,18.0
183,72.0
184,43.0
185,10.0
186,20.0
187,14.0
188,19.0
189,31.0
190,55.0
191,18.0
192,16.0
193,27.0
194,29.0
195,12.0
196,21.0
197,21.0
198,14.0
199,26.0
200,25.0
201,14.0
202,18.0
203,23.0
204,16.0
205,13.0
206,15.0
207,16.0
208,16.0
209,22.0
210,15.0
211,15.0
212,33.0
213,11.0
214,13.0
215,19.0
216,29.0
217,52.0
218,12.0
219,40.0
220,21.0
221,19.0
222,24.0
223,11.0
224,27.0
225,24.0
226,25.0
227,25.0
228,13.0
229,26.0
230,30.0
231,18.0
232,38.0
233,23.0
234,29.0
235,21.0
236,11.0
237,34.0
238,34.0
239,17.0
240,14.0
241,20.0
242,47.0
243,21.0
244,16.0
245,21.0
246,15.0
247,11.0
248,17.0
249,19.0
250,16.0
251,27.0
252,10.0
253,14.0
254,28.0
255,23.0
256,11.0
257,17.0
258,29.0
259,10.0
260,17.0
261,44.0
262,24.0
263,41.0
264,19.0
265,16.0
266,20.0
267,34.0
268,15.0
269,39.0
270,22.0
271,20.0
272,22.0
273,33.0
274,24.0
275,28.0
276,10.0
277,18.0
278,12.0
279,21.0
280,12.0
281,17.0
282,31.0
283,15.0
284,17.0
285,22.0
286,23.0
287,33.0
288,25.0
289,16.0
290,22.0
291,16.0
292,35.0
293,19.0
294,26.0
295,16.0
296,30.0
297,11.0
298,29.0
299,37.0
300,25.0
301,19.0
302,32.0
303,19.0
304,12.0
305,16.0
306,29.0
307,19.0
308,16.0
309,18.0
310,37.0
311,17.0
312,43.0
313,11.0
314,28.0
315,16.0
316,54.0
317,15.0
318,15.0
319,43.0
320,27.0
321,48.0
322,26.0
323,10.0
324,40.0
325,22.0
326,12.0
327,13.0
328,14.0
329,43.0
330,13.0
331,17.0
332,32.0
333,27.0
334,18.0
335,29.0
336,14.0
337,30.0
338,14.0
339,26.0
340,14.0
341,22.0
342,23.0
343,15.0
344,20.0
345,37.0
346,52.0
347,10.0
348,25.0
349,11.0
350,38.0
351,21.0
352,14.0
353,59.0
354,11.0
355,17.0
356,30.0
357,37.0
358,17.0
359,12.0
360,14.0
361,37.0
362,13.0
363,21.0
364,11.0
365,25.0
366,26.0
367,24.0
368,18.0
369,34.0
370,28.0
371,28.0
372,16.0
373,53.0
374,20.0
375,21.0
376,27.0
377,8.0
378,13.0
379,24.0
380,24.0
381,9.0
382,27.0
383,15.0
384,11.0
385,31.0
386,19.0
387,12.0
388,11.0
389,14.0
390,29.0
391,30.0
392,16.0
393,27.0
394,17.0
395,28.0
396,26.0
397,11.0
398,18.0
399,17.0
400,93.0
401,17.0
402,11.0
403,45.0
404,37.0
405,64.0
406,28.0
407,13.0
408,12.0
409,26.0
410,19.0
411,23.0
412,11.0
413,38.0
414,20.0
415,13.0
416,15.0
417,14.0
418,21.0
419,58.0
420,13.0
421,34.0
422,16.0
423,12.0
424,10.0
425,19.0
426,10.0
427,40.0
428,25.0
429,25.0
430,45.0
431,22.0
432,28.0
433,14.0
434,11.0
435,17.0
436,15.0
437,27.0
438,36.0
439,22.0
440,11.0
441,13.0
442,16.0
443,37.0
444,10.0
445,11.0
446,17.0
447,35.0
448,11.0
449,22.0
450,26.0
451,14.0
452,31.0
453,19.0
454,12.0
455,25.0
456,15.0
457,12.0
458,18.0
459,17.0
460,16.0
461,22.0
462,13.0
463,14.0
464,62.0
465,13.0
466,12.0
467,34.0
468,22.0
469,29.0
470,14.0
471,10.0
472,13.0
473,14.0
474,22.0
475,30.0
476,13.0
477,18.0
478,17.0
479,24.0
480,19.0
481,19.0
482,23.0
483,11.0
484,19.0
485,17.0
486,26.0
487,17.0
488,23.0
489,14.0
490,15.0
491,13.0
492,15.0
493,12.0
494,13.0
495,13.0
496,14.0
497,13.0
498,15.0
499,20.0
500,11.0
501,30.0
502,14.0
503,21.0
504,24.0
505,20.0
506,14.0
507,46.0
508,35.0
509,54.0
510,23.0
511,25.0
512,15.0
513,19.0
514,12.0
515,13.0
516,15.0
517,83.0
518,26.0
519,16.0
520,44.0
521,12.0
522,31.0
523,24.0
524,11.0
525,17.0
526,17.0
527,10.0
528,16.0
529,15.0
530,33.0
531,25.0
532,15.0
533,16.0
534,13.0
535,17.0
536,23.0
537,16.0
538,32.0
539,20.0
540,12.0
541,22.0
542,21.0
543,16.0
544,38.0
545,13.0
546,13.0
547,20.0
548,13.0
549,22.0
550,22.0
551,28.0
552,22.0
553,20.0
554,29.0
555,47.0
556,20.0
557,16.0
558,40.0
559,21.0
560,24.0
561,32.0
562,18.0
563,21.0
564,22.0
565,21.0
566,17.0
567,11.0
568,15.0
569,14.0
570,18.0
571,18.0
572,42.0
573,15.0
574,21.0
575,17.0
576,33.0
577,24.0
578,15.0
579,15.0
580,24.0
581,18.0
582,14.0
583,12.0
584,43.0
585,15.0
586,39.0
587,18.0
588,41.0
589,17.0
590,13.0
591,26.0
592,18.0
593,56.0
594,13.0
595,16.0
596,56.0
597,10.0
598,24.0
599,13.0
600,60.0
601,39.0
602,13.0
603,44.0
604,28.0
605,15.0
606,34.0
607,56.0
608,16.0
609,17.0
610,27.0
611,14.0
612,11.0
613,11.0
614,26.0
615,21.0
616,21.0
617,30.0
618,26.0
619,30.0
620,33.0
621,27.0
622,28.0
623,22.0
624,27.0
625,9.0
626,14.0
627,50.0
628,12.0
629,9.0
630,66.0
631,21.0
632,9.0
633,27.0
634,16.0
635,9.0
636,13.0
637,29.0
638,32.0
639,13.0
640,15.0
641,25.0
642,24.0
643,17.0
644,16.0
645,11.0
646,17.0
647,18.0
648,12.0
649,13.0
650,25.0
651,45.0
652,19.0
653,21.0
654,32.0
655,20.0
656,10.0
657,16.0
658,27.0
659,15.0
660,13.0
661,21.0
662,30.0
663,17.0
664,22.0
665,10.0
666,26.0
667,36.0
668,17.0
669,10.0
670,18.0
671,31.0
672,36.0
673,16.0
674,16.0
675,28.0
676,28.0
677,25.0
678,54.0
679,12.0
680,37.0
681,42.0
682,23.0
683,39.0
684,25.0
685,12.0
686,16.0
687,20.0
688,17.0
689,14.0
690,18.0
691,9.0
692,13.0
693,29.0
694,33.0
695,19.0
696,12.0
697,19.0
698,11.0
699,17.0
700,27.0
701,54.0
702,28.0
703,17.0
704,11.0
705,17.0
706,19.0
707,14.0
708,38.0
709,18.0
710,26.0
711,15.0
712,30.0
713,13.0
714,16.0
715,18.0
716,18.0
717,25.0
718,12.0
719,12.0
720,11.0
721,14.0
722,12.0
723,21.0
724,9.0
725,18.0
726,40.0
727,12.0
728,60.0
729,21.0
730,15.0
731,16.0
732,44.0
733,12.0
734,20.0
735,36.0
736,11.0
737,12.0
738,28.0
739,37.0
740,42.0
741,14.0
742,16.0
743,23.0
744,26.0
745,12.0
746,32.0
747,20.0
748,14.0
749,14.0
750,15.0
751,22.0
752,16.0
753,19.0
754,26.0
755,21.0
756,26.0
757,12.0
758,21.0
759,13.0
760,11.0
761,26.0
762,33.0
763,63.0
764,14.0
765,12.0
766,22.0
767,25.0
768,14.0
769,54.0
770,17.0
771,12.0
772,46.0
773,26.0
774,10.0
775,18.0
776,14.0
777,14.0
778,15.0
779,21.0
780,13.0
781,50.0
782,10.0
783,24.0
784,14.0
785,14.0
786,11.0
787,40.0
788,11.0
789,13.0
790,16.0
791,20.0
792,18.0
793,46.0
794,12.0
795,28.0
796,12.0
797,18.0
798,17.0
799,11.0
800,19.0
801,29.0
802,12.0
803,44.0
804,34.0
805,19.0
806,20.0
807,29.0
808,11.0
809,24.0
810,17.0
811,31.0
812,10.0
813,41.0
814,12.0
815,16.0
816,17.0
817,25.0
818,29.0
819,28.0
820,26.0
821,21.0
822,24.0
823,57.0
824,10.0
825,23.0
826,21.0
827,44.0
828,19.0
829,19.0
830,25.0
831,33.0
832,33.0
833,35.0
834,25.0
835,19.0
836,13.0
837,27.0
838,31.0
839,27.0
840,19.0
841,10.0
842,27.0
843,14.0
844,17.0
845,37.0
846,13.0
847,30.0
848,25.0
849,36.0
850,12.0
851,53.0
852,20.0
853,14.0
854,15.0
855,19.0
856,11.0
857,15.0
858,22.0
859,15.0
860,38.0
861,17.0
862,10.0
863,22.0
864,51.0
865,30.0
866,34.0
867,21.0
868,26.0
869,11.0
870,16.0
871,25.0
872,42.0
873,13.0
874,16.0
875,17.0
876,12.0
877,27.0
878,10.0
879,11.0
880,32.0
881,20.0
882,26.0
883,26.0
884,10.0
885,15.0
886,26.0
887,43.0
888,47.0
889,33.0
890,16.0
891,20.0
892,39.0
893,17.0
894,34.0
895,17.0
896,12.0
897,20.0
898,16.0
899,11.0
900,12.0
901,26.0
902,13.0
903,14.0
904,25.0
905,26.0
906,20.0
907,45.0
908,45.0
909,35.0
910,11.0
911,17.0
912,49.0
913,16.0
914,46.0
915,22.0
916,11.0
917,12.0
918,12.0
919,43.0
920,27.0
921,28.0
922,27.0
923,20.0
924,17.0
925,13.0
926,21.0
927,16.0
928,32.0
929,18.0
930,21.0
931,12.0
932,33.0
933,13.0
934,24.0
935,16.0
936,25.0
937,13.0
938,52.0
939,15.0
940,25.0
941,28.0
942,15.0
943,50.0
944,9.0
945,57.0
946,19.0
947,12.0
948,20.0
949,25.0
950,17.0
951,10.0
952,26.0
953,12.0
954,16.0
955,13.0
956,39.0
957,11.0
958,21.0
959,26.0
960,23.0
961,10.0
962,13.0
963,32.0
964,22.0
965,22.0
966,12.0
967,11.0
968,11.0
969,19.0
970,55.0
971,16.0
972,18.0
973,10.0
974,19.0
975,30.0
976,15.0
977,16.0
978,15.0
979,21.0
980,16.0
981,33.0
982,15.0
983,20.0
984,16.0
985,11.0
986,20.0
987,19.0
988,19.0
989,13.0
990,11.0
991,36.0
992,12.0
993,33.0
994,21.0
995,14.0
996,24.0
997,22.0
998,58.0
999,9.0
1000,19.0
1001,17.0
1002,20.0
1003,18.0
1004,21.0
1005,16.0
1006,15.0
1007,59.0
1008,13.0
1009,19.0
1010,15.0
1011,25.0
1012,21.0
1013,15.0
1014,25.0
1015,25.0
1016,48.0
1017,16.0
1018,16.0
1019,11.0
1020,14.0
1021,32.0
1022,9.0
1023,17.0
1024,11.0
1025,18.0
1026,31.0
1027,15.0
1028,13.0
1029,18.0
1030,37.0
1031,41.0
1032,23.0
1033,26.0
1034,19.0
1035,20.0
1036,24.0
1037,17.0
1038,61.0
1039,21.0
1040,19.0
1041,16.0
1042,17.0
1043,15.0
1044,66.0
1045,25.0
1046,18.0
1047,13.0
1048,13.0
1049,15.0
1050,18.0
1051,19.0
1052,17.0
1053,13.0
1054,16.0
1055,14.0
1056,51.0
1057,10.0
1058,21.0
1059,12.0
1060,17.0
1061,10.0
1062,15.0
1063,17.0
1064,18.0
1065,23.0
1066,25.0
1067,15.0
1068,14.0
1069,48.0
1070,16.0
1071,12.0
1072,48.0
1073,11.0
1074,17.0
1075,20.0
1076,26.0
1077,14.0
1078,18.0
1079,13.0
1080,22.0
1081,22.0
1082,18.0
1083,10.0
1084,61.0
1085,16.0
1086,17.0
1087,22.0
1088,32.0
1089,13.0
1090,21.0
1091,24.0
1092,20.0
1093,11.0
1094,37.0
1095,10.0
1096,29.0
1097,17.0
1098,28.0
1099,18.0
1100,13.0
1101,12.0
1102,18.0
1103,24.0
1104,34.0
1105,22.0
1106,32.0
1107,15.0
1108,19.0
1109,12.0
1110,37.0
1111,50.0
1112,15.0
1113,18.0
1114,15.0
1115,14.0
1116,20.0
1117,15.0
1118,15.0
1119,11.0
1120,29.0
1121,26.0
1122,14.0
1123,17.0
1124,26.0
1125,13.0
1126,29.0
1127,24.0
1128,44.0
1129,15.0
1130,72.0
1131,21.0
1132,17.0
1133,12.0
1134,65.0
1135,11.0
1136,14.0
1137,15.0
1138,13.0
1139,15.0
1140,24.0
1141,18.0
1142,12.0
1143,30.0
1144,19.0
1145,22.0
1146,12.0
1147,11.0
1148,14.0
1149,15.0
1150,18.0
1151,23.0
1152,19.0
1153,14.0
1154,73.0
1155,11.0
1156,19.0
1157,11.0
1158,21.0
1159,33.0
1160,11.0
1161,45.0
1162,10.0
1163,33.0
1164,20.0
1165,18.0
1166,46.0
1167,30.0
1168,21.0
1169,17.0
1170,17.0
1171,16.0
1172,16.0
1173,12.0
1174,34.0
1175,12.0
1176,40.0
1177,17.0
1178,77.0
1179,31.0
1180,24.0
1181,13.0
1182,27.0
1183,16.0
1184,11.0
1185,17.0
1186,36.0
1187,14.0
1188,9.0
1189,21.0
1190,44.0
1191,14.0
1192,18.0
1193,11.0
1194,14.0
1195,14.0
1196,11.0
1197,52.0
1198,24.0
1199,18.0
1200,19.0
1201,15.0
1202,16.0
1203,16.0
1204,17.0
1205,12.0
1206,22.0
1207,28.0
1208,13.0
1209,19.0
1210,14.0
1211,40.0
1212,35.0
1213,37.0
1214,34.0
1215,28.0
1216,24.0
1217,32.0
1218,22.0
1219,18.0
1220,10.0
1221,11.0
1222,32.0
1223,33.0
1224,23.0
1225,20.0
1226,23.0
1227,13.0
1228,14.0
1229,23.0
1230,20.0
1231,27.0
1232,29.0
1233,16.0
1234,38.0
1235,15.0
1236,18.0
1237,24.0
1238,27.0
1239,11.0
1240,24.0
1241,12.0
1242,14.0
1243,12.0
1244,18.0
1245,17.0
1246,12.0
1247,11.0
1248,16.0
1249,13.0
1250,28.0
1251,18.0
1252,27.0
1253,32.0
1254,9.0
1255,16.0
1256,14.0
1257,11.0
1258,14.0
1259,44.0
1260,11.0
1261,15.0
1262,22.0
1263,12.0
1264,13.0
1265,10.0
1266,17.0
1267,21.0
1268,28.0
1269,10.0
1270,16.0
1271,11.0
1272,16.0
1273,22.0
1274,16.0
1275,15.0
1276,18.0
1277,10.0
1278,12.0
1279,12.0
1280,23.0
1281,18.0
1282,49.0
1283,21.0
1284,62.0
1285,19.0
1286,14.0
1287,34.0
1288,64.0
1289,83.0
1290,24.0
1291,21.0
1292,30.0
1293,17.0
1294,30.0
1295,22.0
1296,14.0
1297,21.0
1298,28.0
1299,29.0
1300,13.0
1301,31.0
1302,33.0
1303,24.0
1304,22.0
1305,20.0
1306,18.0
1307,34.0
1308,38.0
1309,29.0
1310,13.0
1311,13.0
1312,14.0
1313,35.0
1314,24.0
1315,24.0
1316,20.0
1317,13.0
1318,40.0
1319,26.0
1320,11.0
1321,30.0
1322,14.0
1323,14.0
1324,22.0
1325,18.0
1326,50.0
1327,10.0
1328,17.0
1329,27.0
1330,14.0
1331,37.0
1332,33.0
1333,15.0
1334,30.0
1335,32.0
1336,23.0
1337,15.0
1338,37.0
1339,13.0
1340,14.0
1341,10.0
1342,31.0
1343,55.0
1344,22.0
1345,11.0
1346,20.0
1347,15.0
1348,15.0
1349,17.0
1350,23.0
1351,13.0
1352,21.0
1353,34.0
1354,14.0
1355,17.0
1356,14.0
1357,12.0
1358,15.0
1359,12.0
1360,30.0
1361,27.0
1362,14.0
1363,21.0
1364,35.0
1365,15.0
1366,12.0
1367,13.0
1368,18.0
1369,26.0
1370,17.0
1371,17.0
1372,13.0
1373,41.0
1374,13.0
1375,14.0
1376,10.0
1377,30.0
1378,13.0
1379,16.0
1380,32.0
1381,14.0
1382,21.0
1383,36.0
1384,13.0
1385,14.0
1386,14.0
1387,15.0
1388,24.0
1389,20.0
1390,13.0
1391,11.0
1392,19.0
1393,13.0
1394,16.0
1395,14.0
1396,25.0
1397,36.0
1398,34.0
1399,43.0
1400,17.0
1401,26.0
1402,13.0
1403,38.0
1404,18.0
1405,16.0
1406,17.0
1407,16.0
1408,14.0
1409,14.0
1410,16.0
1411,11.0
1412,23.0
1413,13.0
1414,10.0
1415,31.0
1416,16.0
1417,66.0
1418,12.0
1419,17.0
1420,45.0
1421,37.0
1422,12.0
1423,19.0
1424,21.0
1425,25.0
1426,19.0
1427,12.0
1428,16.0
1429,13.0
1430,33.0
1431,21.0
1432,10.0
1433,15.0
1434,29.0
1435,18.0
1436,12.0
1437,20.0
1438,17.0
1439,12.0
1440,28.0
1441,37.0
1442,23.0
1443,73.0
1444,16.0
1445,22.0
1446,30.0
1447,15.0
1448,17.0
1449,19.0
1450,25.0
1451,22.0
1452,11.0
1453,43.0
1454,14.0
1455,41.0
1456,24.0
1457,41.0
1458,21.0
1459,18.0
1460,17.0
1461,15.0
1462,31.0
1463,25.0
1464,12.0
1465,15.0
1466,17.0
1467,17.0
1468,23.0
1469,62.0
1470,15.0
1471,15.0
1472,17.0
1473,12.0
1474,16.0
1475,12.0
1476,25.0
1477,26.0
1478,14.0
1479,21.0
1480,11.0
1481,70.0
1482,18.0
1483,23.0
1484,58.0
1485,14.0
1486,27.0
1487,16.0
1488,26.0
1489,20.0
1490,13.0
1491,14.0
1492,30.0
1493,10.0
1494,30.0
1495,12.0
1496,18.0
1497,27.0
1498,17.0
1499,8.0
1500,11.0
1501,12.0
1502,18.0
1503,37.0
1504,13.0
1505,16.0
1506,26.0
1507,12.0
1508,14.0
1509,21.0
1510,88.0
1511,43.0
1512,12.0
1513,50.0
1514,16.0
1515,12.0
1516,34.0
1517,18.0
1518,27.0
1519,9.0
1520,10.0
1521,20.0
1522,24.0
1523,14.0
1524,42.0
1525,26.0
1526,17.0
1527,20.0
1528,18.0
1529,17.0
1530,16.0
1531,66.0
1532,14.0
1533,15.0
1534,9.0
1535,29.0
1536,20.0
1537,16.0
1538,20.0
1539,14.0
1540,10.0
1541,21.0
1542,56.0
1543,24.0
1544,15.0
1545,13.0
1546,21.0
1547,19.0
1548,66.0
1549,11.0
1550,35.0
1551,56.0
1552,18.0
1553,28.0
1554,19.0
1555,14.0
1556,46.0
1557,24.0
1558,25.0
1559,33.0
1560,39.0
1561,12.0
1562,21.0
1563,17.0
1564,12.0
1565,33.0
1566,21.0
1567,14.0
1568,10.0
1569,18.0
1570,31.0
1571,18.0
1572,14.0
1573,15.0
1574,13.0
1575,18.0
1576,14.0
1577,12.0
1578,12.0
1579,21.0
1580,14.0
1581,50.0
1582,16.0
1583,15.0
1584,29.0
1585,16.0
1586,11.0
1587,16.0
1588,33.0
1589,15.0
1590,19.0
1591,16.0
1592,63.0
1593,21.0
1594,16.0
1595,31.0
1596,13.0
1597,31.0
1598,18.0
1599,13.0
1600,8.0
1601,29.0
1602,14.0
1603,21.0
1604,11.0
1605,32.0
1606,12.0
1607,23.0
1608,13.0
1609,12.0
1610,12.0
1611,44.0
1612,25.0
1613,26.0
1614,17.0
1615,20.0
1616,22.0
1617,26.0
1618,12.0
1619,29.0
1620,33.0
1621,27.0
1622,24.0
1623,34.0
1624,13.0
1625,22.0
1626,14.0
1627,12.0
1628,17.0
1629,29.0
1630,24.0
1631,20.0
1632,21.0
1633,14.0
1634,18.0
1635,12.0
1636,34.0
1637,33.0
1638,39.0
1639,58.0
1640,14.0
1641,22.0
1642,16.0
1643,20.0
1644,26.0
1645,27.0
1646,33.0
1647,18.0
1648,11.0
1649,16.0
1650,11.0
1651,11.0
1652,16.0
1653,36.0
1654,25.0
1655,17.0
1656,15.0
1657,18.0
1658,14.0
1659,36.0
1660,19.0
1661,18.0
1662,53.0
1663,17.0
1664,46.0
1665,24.0
1666,14.0
1667,11.0
1668,16.0
1669,16.0
1670,9.0
1671,18.0
1672,28.0
1673,32.0
1674,10.0
1675,18.0
1676,15.0
1677,19.0
1678,69.0
1679,35.0
1680,15.0
1681,15.0
1682,27.0
1683,13.0
1684,15.0
1685,11.0
1686,29.0
1687,30.0
1688,48.0
1689,12.0
1690,33.0
1691,74.0
1692,11.0
1693,24.0
1694,14.0
1695,59.0
1696,22.0
1697,12.0
1698,28.0
1699,17.0
1700,35.0
1701,16.0
1702,31.0
1703,18.0
1704,13.0
1705,17.0
1706,19.0
1707,19.0
1708,10.0
1709,38.0
1710,30.0
1711,23.0
1712,15.0
1713,29.0
1714,28.0
1715,14.0
1716,26.0
1717,12.0
1718,60.0
1719,15.0
1720,35.0
1721,35.0
1722,26.0
1723,23.0
1724,32.0
1725,26.0
1726,29.0
1727,11.0
1728,34.0
1729,23.0
1730,14.0
1731,13.0
1732,14.0
1733,22.0
1734,33.0
1735,15.0
1736,14.0
1737,14.0
1738,16.0
1739,17.0
1740,18.0
1741,15.0
1742,15.0
1743,13.0
1744,12.0
1745,20.0
1746,19.0
1747,31.0
1748,15.0
1749,15.0
1750,17.0
1751,14.0
1752,27.0
1753,30.0
1754,17.0
1755,15.0
1756,16.0
1757,17.0
1758,15.0
1759,36.0
1760,41.0
1761,16.0
1762,17.0
1763,20.0
1764,18.0
1765,37.0
1766,37.0
1767,12.0
1768,18.0
1769,55.0
1770,27.0
1771,41.0
1772,17.0
1773,58.0
1774,15.0
1775,35.0
1776,15.0
1777,11.0
1778,16.0
1779,28.0
1780,17.0
1781,10.0
1782,24.0
1783,15.0
1784,16.0
1785,15.0
1786,14.0
1787,15.0
1788,14.0
1789,12.0
1790,25.0
1791,9.0
1792,51.0
1793,17.0
1794,17.0
1795,31.0
1796,45.0
1797,30.0
1798,25.0
1799,12.0
1800,12.0
1801,14.0
1802,19.0
1803,23.0
1804,25.0
1805,12.0
1806,14.0
1807,24.0
1808,11.0
1809,43.0
1810,31.0
1811,13.0
1812,24.0
1813,14.0
1814,39.0
1815,40.0
1816,12.0
1817,15.0
1818,20.0
1819,21.0
1820,13.0
1821,47.0
1822,9.0
1823,52.0
1824,12.0
1825,20.0
1826,14.0
1827,9.0
1828,13.0
1829,21.0
1830,44.0
1831,15.0
1832,14.0
1833,9.0
1834,22.0
1835,26.0
1836,31.0
1837,24.0
1838,59.0
1839,12.0
1840,21.0
1841,40.0
1842,14.0
1843,43.0
1844,18.0
1845,12.0
1846,12.0
1847,16.0
1848,19.0
1849,19.0
1850,19.0
1851,18.0
1852,16.0
1853,32.0
1854,15.0
1855,14.0
1856,16.0
1857,17.0
1858,39.0
1859,25.0
1860,10.0
1861,13.0
1862,24.0
1863,12.0
1864,16.0
1865,17.0
1866,19.0
1867,16.0
1868,18.0
1869,14.0
1870,52.0
1871,27.0
1872,48.0
1873,24.0
1874,15.0
1875,27.0
1876,21.0
1877,23.0
1878,12.0
1879,41.0
1880,11.0
1881,16.0
1882,39.0
1883,15.0
1884,15.0
1885,19.0
1886,15.0
1887,23.0
1888,12.0
1889,24.0
1890,17.0
1891,23.0
1892,11.0
1893,9.0
1894,17.0
1895,9.0
1896,20.0
1897,10.0
1898,32.0
1899,30.0
1900,45.0
1901,11.0
1902,12.0
1903,23.0
1904,16.0
1905,50.0
1906,9.0
1907,23.0
1908,52.0
1909,20.0
1910,16.0
1911,13.0
1912,17.0
1913,56.0
1914,17.0
1915,11.0
1916,16.0
1917,10.0
1918,55.0
1919,37.0
1920,45.0
1921,21.0
1922,15.0
1923,56.0
1924,11.0
1925,12.0
1926,28.0
1927,35.0
1928,20.0
1929,19.0
1930,24.0
1931,14.0
1932,26.0
1933,25.0
1934,14.0
1935,26.0
1936,18.0
1937,16.0
1938,16.0
1939,31.0
1940,28.0
1941,27.0
1942,37.0
1943,9.0
1944,15.0
1945,27.0
1946,24.0
1947,26.0
1948,21.0
1949,16.0
1950,11.0
1951,20.0
1952,13.0
1953,67.0
1954,9.0
1955,17.0
1956,15.0
1957,15.0
1958,14.0
1959,25.0
1960,39.0
1961,13.0
1962,17.0
1963,34.0
1964,24.0
1965,26.0
1966,28.0
1967,26.0
1968,43.0
1969,29.0
1970,25.0
1971,25.0
1972,18.0
1973,15.0
1974,13.0
1975,15.0
1976,19.0
1977,14.0
1978,35.0
1979,27.0
1980,16.0
1981,13.0
1982,12.0
1983,41.0
1984,22.0
1985,33.0
1986,13.0
1987,23.0
1988,16.0
1989,11.0
1990,23.0
1991,16.0
1992,46.0
1993,31.0
1994,24.0
1995,22.0
1996,12.0
1997,25.0
1998,12.0
1999,19.0
2000,19.0
2001,52.0
2002,10.0
2003,15.0
2004,16.0
2005,10.0
2006,22.0
2007,19.0
2008,21.0
2009,32.0
2010,12.0
2011,46.0
2012,14.0
2013,32.0
2014,19.0
2015,19.0
2016,15.0
2017,30.0
2018,41.0
2019,32.0
2020,22.0
2021,12.0
2022,12.0
2023,18.0
2024,17.0
2025,18.0
2026,14.0
2027,18.0
2028,44.0
2029,19.0
2030,12.0
2031,16.0
2032,12.0
2033,63.0
2034,33.0
2035,15.0
2036,13.0
2037,39.0
2038,22.0
2039,32.0
2040,21.0
2041,9.0
2042,21.0
2043,21.0
2044,17.0
2045,41.0
2046,16.0
2047,15.0
2048,48.0
2049,23.0
2050,29.0
2051,10.0
2052,14.0
2053,13.0
2054,17.0
2055,13.0
2056,17.0
2057,28.0
2058,40.0
2059,31.0
2060,24.0
2061,12.0
2062,18.0
2063,24.0
2064,36.0
2065,23.0
2066,12.0
2067,14.0
2068,20.0
2069,30.0
2070,26.0
2071,19.0
2072,33.0
2073,14.0
2074,29.0
2075,13.0
2076,12.0
2077,11.0
2078,42.0
2079,10.0
2080,20.0
2081,42.0
2082,13.0
2083,45.0
2084,9.0
2085,14.0
2086,24.0
2087,28.0
2088,34.0
2089,33.0
2090,14.0
2091,21.0
2092,21.0
2093,16.0
2094,14.0
2095,57.0
2096,14.0
2097,15.0
2098,51.0
2099,33.0
2100,14.0
2101,21.0
2102,17.0
2103,9.0
2104,21.0
2105,13.0
2106,15.0
2107,15.0
2108,12.0
2109,26.0
2110,34.0
2111,25.0
2112,15.0
2113,15.0
2114,27.0
2115,17.0
2116,13.0
2117,22.0
2118,15.0
2119,64.0
2120,38.0
2121,15.0
2122,20.0
2123,15.0
2124,16.0
2125,35.0
2126,18.0
2127,34.0
2128,11.0
2129,47.0
2130,16.0
2131,19.0
2132,17.0
2133,23.0
2134,56.0
2135,12.0
2136,40.0
2137,19.0
2138,25.0
2139,12.0
2140,19.0
2141,34.0
2142,27.0
2143,26.0
2144,17.0
2145,14.0
2146,24.0
2147,11.0
2148,18.0
2149,39.0
2150,12.0
2151,26.0
2152,11.0
2153,28.0
2154,28.0
2155,12.0
2156,9.0
2157,19.0
2158,20.0
2159,41.0
2160,16.0
2161,11.0
2162,13.0
2163,21.0
2164,11.0
2165,30.0
2166,22.0
2167,36.0
2168,14.0
2169,27.0
2170,33.0
2171,30.0
2172,19.0
2173,11.0
2174,14.0
2175,12.0
2176,17.0
2177,66.0
2178,16.0
2179,17.0
2180,15.0
2181,21.0
2182,10.0
2183,43.0
2184,18.0
2185,12.0
2186,15.0
2187,14.0
2188,27.0
2189,38.0
2190,15.0
2191,20.0
2192,20.0
2193,35.0
2194,55.0
2195,27.0
2196,14.0
2197,22.0
2198,33.0
2199,31.0
2200,20.0
2201,14.0
2202,19.0
2203,17.0
2204,18.0
2205,26.0
2206,16.0
2207,10.0
2208,16.0
2209,13.0
2210,23.0
2211,44.0
2212,20.0
2213,39.0
2214,30.0
2215,48.0
2216,30.0
2217,9.0
2218,11.0
2219,12.0
2220,15.0
2221,15.0
2222,31.0
2223,48.0
2224,21.0
2225,26.0
2226,14.0
2227,21.0
2228,20.0
2229,15.0
2230,17.0
2231,12.0
2232,42.0
2233,14.0
2234,40.0
2235,19.0
2236,28.0
2237,33.0
2238,18.0
2239,14.0
2240,22.0
2241,15.0
2242,11.0
2243,31.0
2244,14.0
2245,19.0
2246,9.0
2247,26.0
2248,24.0
2249,15.0
2250,12.0
2251,45.0
2252,15.0
2253,37.0
2254,17.0
2255,18.0
2256,18.0
2257,17.0
2258,20.0
2259,36.0
2260,12.0
2261,19.0
2262,24.0
2263,38.0
2264,26.0
2265,15.0
2266,11.0
2267,17.0
2268,19.0
2269,62.0
2270,25.0
2271,11.0
2272,18.0
2273,30.0
2274,25.0
2275,27.0
2276,11.0
2277,28.0
2278,19.0
2279,15.0
2280,28.0
2281,43.0
2282,14.0
2283,17.0
2284,28.0
2285,20.0
2286,13.0
2287,20.0
2288,33.0
2289,16.0
2290,20.0
2291,45.0
2292,12.0
2293,10.0
2294,48.0
2295,14.0
2296,27.0
2297,13.0
2298,15.0
2299,14.0
2300,15.0
2301,12.0
2302,36.0
2303,19.0
2304,23.0
2305,24.0
2306,33.0
2307,12.0
2308,14.0
2309,9.0
2310,13.0
2311,13.0
2312,16.0
2313,13.0
2314,14.0
2315,28.0
2316,19.0
2317,15.0
2318,9.0
2319,15.0
2320,15.0
2321,24.0
2322,15.0
2323,21.0
2324,13.0
2325,18.0
2326,38.0
2327,16.0
2328,23.0
2329,25.0
2330,17.0
2331,23.0
2332,24.0
2333,18.0
2334,27.0
2335,24.0
2336,13.0
2337,24.0
2338,13.0
2339,56.0
2340,29.0
2341,32.0
2342,36.0
2343,42.0
2344,24.0
2345,13.0
2346,12.0
2347,28.0
2348,13.0
2349,25.0
2350,31.0
2351,15.0
2352,29.0
2353,14.0
2354,11.0
2355,15.0
2356,13.0
2357,25.0
2358,14.0
2359,36.0
2360,15.0
2361,47.0
2362,42.0
2363,10.0
2364,30.0
2365,13.0
2366,22.0
2367,12.0
2368,21.0
2369,13.0
2370,21.0
2371,11.0
2372,25.0
2373,24.0
2374,40.0
2375,25.0
2376,32.0
2377,29.0
2378,18.0
2379,71.0
2380,15.0
2381,12.0
2382,33.0
2383,10.0
2384,32.0
2385,49.0
2386,25.0
2387,39.0
2388,16.0
2389,13.0
2390,23.0
2391,15.0
2392,16.0
2393,11.0
2394,12.0
2395,15.0
2396,26.0
2397,13.0
2398,16.0
2399,10.0
2400,10.0
2401,31.0
2402,38.0
2403,11.0
2404,12.0
2405,30.0
2406,19.0
2407,26.0
2408,22.0
2409,19.0
2410,40.0
2411,25.0
2412,32.0
2413,32.0
2414,10.0
2415,11.0
2416,25.0
2417,27.0
2418,26.0
2419,26.0
2420,30.0
2421,11.0
2422,38.0
2423,15.0
2424,19.0
2425,16.0
2426,13.0
2427,24.0
2428,14.0
2429,13.0
2430,22.0
2431,19.0
2432,24.0
2433,33.0
2434,42.0
2435,17.0
2436,21.0
2437,11.0
2438,13.0
2439,23.0
2440,15.0
2441,12.0
2442,16.0
2443,18.0
2444,14.0
2445,18.0
2446,14.0
2447,26.0
2448,13.0
2449,30.0
2450,12.0
2451,11.0
2452,14.0
2453,14.0
2454,18.0
2455,31.0
2456,27.0
2457,12.0
2458,32.0
2459,17.0
2460,14.0
2461,21.0
2462,33.0
2463,21.0
2464,49.0
2465,14.0
2466,12.0
2467,24.0
2468,14.0
2469,26.0
2470,25.0
2471,13.0
2472,32.0
2473,11.0
2474,11.0
2475,10.0
2476,21.0
2477,21.0
2478,19.0
2479,14.0
2480,24.0
2481,17.0
2482,41.0
2483,12.0
2484,17.0
2485,19.0
2486,13.0
2487,13.0
2488,41.0
2489,26.0
2490,22.0
2491,24.0
2492,15.0
2493,38.0
2494,30.0
2495,12.0
2496,29.0
2497,11.0
2498,20.0
2499,12.0
2500,20.0
2501,24.0
2502,19.0
2503,52.0
2504,16.0
2505,26.0
2506,19.0
2507,16.0
2508,31.0
2509,14.0
2510,23.0
2511,14.0
2512,11.0
2513,17.0
2514,22.0
2515,14.0
2516,28.0
2517,24.0
2518,13.0
2519,23.0
2520,22.0
2521,14.0
2522,54.0
2523,11.0
2524,14.0
2525,9.0
2526,13.0
2527,11.0
2528,15.0
2529,13.0
2530,19.0
2531,19.0
2532,14.0
2533,54.0
2534,15.0
2535,17.0
2536,32.0
2537,23.0
2538,20.0
2539,24.0
2540,25.0
2541,14.0
2542,20.0
2543,23.0
2544,15.0
2545,21.0
2546,20.0
2547,17.0
2548,11.0
2549,43.0
2550,26.0
2551,16.0
2552,21.0
2553,16.0
2554,11.0
2555,36.0
2556,13.0
2557,17.0
2558,27.0
2559,22.0
2560,29.0
2561,12.0
2562,13.0
2563,16.0
2564,16.0
2565,24.0
2566,29.0
2567,22.0
2568,18.0
2569,15.0
2570,17.0
2571,10.0
2572,24.0
2573,18.0
2574,35.0
2575,22.0
2576,19.0
2577,12.0
2578,18.0
2579,26.0
2580,42.0
2581,24.0
2582,21.0
2583,12.0
2584,21.0
2585,19.0
2586,48.0
2587,24.0
2588,19.0
2589,17.0
2590,12.0
2591,35.0
2592,17.0
2593,21.0
2594,15.0
2595,13.0
2596,50.0
2597,17.0
2598,19.0
2599,32.0
2600,13.0
2601,19.0
2602,22.0
2603,15.0
2604,11.0
2605,56.0
2606,64.0
2607,27.0
2608,28.0
2609,16.0
2610,43.0
2611,17.0
2612,33.0
2613,20.0
2614,32.0
2615,14.0
2616,20.0
2617,29.0
2618,9.0
2619,28.0
2620,9.0
2621,24.0
2622,22.0
2623,15.0
2624,14.0
2625,10.0
2626,15.0
2627,10.0
2628,14.0
2629,13.0
2630,23.0
2631,18.0
2632,13.0
2633,11.0
2634,18.0
2635,40.0
2636,24.0
2637,29.0
2638,25.0
2639,29.0
2640,20.0
2641,12.0
2642,24.0
2643,15.0
2644,43.0
2645,21.0
2646,21.0
2647,12.0
2648,21.0
2649,10.0
2650,53.0
2651,41.0
2652,38.0
2653,17.0
2654,42.0
2655,14.0
2656,12.0
2657,12.0
2658,17.0
2659,15.0
2660,11.0
2661,30.0
2662,37.0
2663,49.0
2664,21.0
2665,26.0
2666,20.0
2667,15.0
2668,16.0
2669,18.0
2670,22.0
2671,10.0
2672,19.0
2673,35.0
2674,14.0
2675,14.0
2676,16.0
2677,18.0
2678,26.0
2679,17.0
2680,23.0
2681,18.0
2682,24.0
2683,15.0
2684,19.0
2685,15.0
2686,16.0
2687,27.0
2688,21.0
2689,24.0
2690,20.0
2691,24.0
2692,42.0
2693,24.0
2694,47.0
2695,32.0
2696,16.0
2697,22.0
2698,18.0
2699,12.0
2700,17.0
2701,21.0
2702,26.0
2703,15.0
2704,13.0
2705,12.0
2706,20.0
2707,18.0
2708,30.0
2709,33.0
2710,13.0
2711,22.0
2712,12.0
2713,17.0
2714,48.0
2715,13.0
2716,33.0
2717,24.0
2718,19.0
2719,14.0
2720,29.0
2721,16.0
2722,54.0
2723,25.0
2724,13.0
2725,18.0
2726,16.0
2727,15.0
2728,60.0
2729,33.0
2730,42.0
2731,31.0
2732,18.0
2733,13.0
2734,23.0
2735,13.0
2736,17.0
2737,12.0
2738,12.0
2739,14.0
2740,24.0
2741,59.0
2742,26.0
2743,39.0
2744,51.0
2745,19.0
2746,45.0
2747,20.0
2748,9.0
2749,20.0
2750,25.0
2751,20.0
2752,13.0
2753,14.0
2754,40.0
2755,17.0
2756,17.0
2757,13.0
2758,15.0
2759,39.0
2760,33.0
2761,40.0
2762,12.0
2763,15.0
2764,12.0
2765,14.0
2766,40.0
2767,40.0
2768,18.0
2769,13.0
2770,44.0
2771,30.0
2772,10.0
2773,29.0
2774,19.0
2775,15.0
2776,18.0
2777,33.0
2778,12.0
2779,38.0
2780,27.0
2781,36.0
2782,26.0
2783,31.0
2784,29.0
2785,29.0
2786,11.0
2787,23.0
2788,13.0
2789,48.0
2790,14.0
2791,16.0
2792,22.0
2793,18.0
2794,17.0
2795,52.0
2796,10.0
2797,36.0
2798,19.0
2799,11.0
2800,21.0
2801,23.0
2802,23.0
2803,41.0
2804,24.0
2805,22.0
2806,15.0
2807,14.0
2808,10.0
2809,18.0
2810,35.0
2811,51.0
2812,30.0
2813,15.0
2814,8.0
2815,18.0
2816,19.0
2817,14.0
2818,16.0
2819,12.0
2820,14.0
2821,12.0
2822,12.0
2823,13.0
2824,14.0
2825,38.0
2826,14.0
2827,30.0
2828,20.0
2829,35.0
2830,24.0
2831,14.0
2832,20.0
2833,48.0
2834,21.0
2835,9.0
2836,19.0
2837,15.0
2838,23.0
2839,25.0
2840,16.0
2841,16.0
2842,14.0
2843,11.0
2844,12.0
2845,12.0
2846,27.0
2847,10.0
2848,18.0
2849,12.0
2850,23.0
2851,16.0
2852,18.0
2853,17.0
2854,26.0
2855,21.0
2856,19.0
2857,27.0
2858,11.0
2859,13.0
2860,13.0
2861,39.0
2862,21.0
2863,15.0
2864,13.0
2865,31.0
2866,25.0
2867,11.0
2868,26.0
2869,49.0
2870,47.0
2871,23.0
2872,20.0
2873,49.0
2874,35.0
2875,49.0
2876,19.0
2877,11.0
2878,12.0
2879,13.0
2880,12.0
2881,10.0
2882,17.0
2883,21.0
2884,34.0
2885,16.0
2886,60.0
2887,23.0
2888,25.0
2889,13.0
2890,15.0
2891,17.0
2892,22.0
2893,19.0
2894,33.0
2895,24.0
2896,22.0
2897,51.0
2898,19.0
2899,48.0
2900,15.0
2901,17.0
2902,12.0
2903,19.0
2904,19.0
2905,14.0
2906,20.0
2907,30.0
2908,13.0
2909,16.0
2910,27.0
2911,25.0
2912,24.0
2913,18.0
2914,15.0
2915,33.0
2916,30.0
2917,15.0
2918,21.0
2919,16.0
2920,13.0
2921,11.0
2922,20.0
2923,16.0
2924,13.0
2925,16.0
2926,14.0
2927,18.0
2928,17.0
2929,11.0
2930,20.0
2931,12.0
2932,24.0
2933,14.0
2934,14.0
2935,18.0
2936,23.0
2937,38.0
2938,20.0
2939,11.0
2940,12.0
2941,12.0
2942,19.0
2943,29.0
2944,13.0
2945,14.0
2946,16.0
2947,12.0
2948,15.0
2949,25.0
2950,13.0
2951,15.0
2952,44.0
2953,21.0
2954,68.0
2955,42.0
2956,12.0
2957,25.0
2958,10.0
2959,16.0
2960,10.0
2961,16.0
2962,11.0
2963,20.0
2964,15.0
2965,18.0
2966,18.0
2967,13.0
2968,41.0
2969,35.0
2970,37.0
2971,19.0
2972,22.0
2973,16.0
2974,16.0
2975,10.0
2976,53.0
2977,15.0
2978,12.0
2979,15.0
2980,22.0
2981,14.0
2982,12.0
2983,11.0
2984,12.0
2985,27.0
2986,15.0
2987,28.0
2988,26.0
2989,19.0
2990,14.0
2991,18.0
2992,14.0
2993,28.0
2994,64.0
2995,24.0
2996,15.0
2997,20.0
2998,44.0
2999,13.0
3000,27.0
